Date,City,Actual,Predicted,Probability
2020-01-20,Gurugram,0,0,0.0256152699559884
2020-01-20,Patna,0,0,0.029427135379581585
2020-01-20,Brajrajnagar,0,0,0.01030373194152546
2020-01-21,Gurugram,1,1,0.5223598670465744
2020-01-21,Delhi,1,1,0.9683836145753867
2020-01-21,Amaravati,0,0,0.0
2020-01-21,Guwahati,1,1,0.256511395122315
2020-01-21,Kolkata,0,0,0.01230574297515593
2020-01-21,Mumbai,0,0,0.030701140370502387
2020-01-21,Ahmedabad,1,1,0.7802092916507907
2020-01-21,Talcher,0,1,0.8228572182930893
2020-01-21,Patna,0,1,0.49915059619772006
2020-01-21,Brajrajnagar,0,0,0.0022407873036472273
2020-01-21,Jaipur,0,0,0.0022407873036472273
2020-01-21,Bhopal,0,0,0.007403039477220529
2020-01-21,Hyderabad,0,0,0.0
2020-01-21,Visakhapatnam,0,0,0.0
2020-01-21,Chennai,0,0,0.0
2020-01-21,Bengaluru,0,0,0.0026799890058366075
2020-01-21,Chandigarh,0,0,0.0
2020-01-22,Patna,0,1,0.3505788226812772
2020-01-22,Amaravati,0,0,0.0
2020-01-22,Guwahati,1,1,0.6636000026350285
2020-01-22,Bhopal,0,0,0.0068702213214187355
2020-01-22,Mumbai,0,0,0.004481574607294455
2020-01-22,Delhi,0,1,0.9291698166142629
2020-01-22,Gurugram,0,1,0.4230366244355692
2020-01-22,Hyderabad,0,0,0.0
2020-01-22,Talcher,1,1,0.571253756081264
2020-01-22,Brajrajnagar,0,0,0.10008457604905165
2020-01-22,Chandigarh,0,0,0.0025156316396527656
2020-01-22,Ahmedabad,1,1,0.7419673452733672
2020-01-22,Bengaluru,0,0,0.0
2020-01-22,Chennai,0,0,0.0
2020-01-22,Jaipur,0,0,0.0038590418872921067
2020-01-22,Kolkata,0,0,0.11861854507068138
2020-01-22,Visakhapatnam,0,0,0.004469793350200654
2020-01-23,Jaipur,0,0,0.0
2020-01-23,Delhi,0,1,0.32408327130730347
2020-01-23,Gurugram,0,0,0.09781166167039812
2020-01-23,Guwahati,1,1,0.6006463331606638
2020-01-23,Kolkata,0,1,0.31525204606545437
2020-01-23,Amaravati,0,0,0.0
2020-01-23,Bengaluru,0,0,0.0
2020-01-23,Hyderabad,0,0,0.0
2020-01-23,Chennai,0,0,0.0
2020-01-23,Bhopal,0,0,0.015189632266920296
2020-01-23,Ahmedabad,0,1,0.7664793861899538
2020-01-23,Amritsar,0,0,0.0
2020-01-23,Visakhapatnam,0,0,0.01318533452757085
2020-01-23,Mumbai,0,0,0.019232140888573022
2020-01-23,Brajrajnagar,0,0,0.035585979934547256
2020-01-23,Talcher,0,1,0.7789859334839306
2020-01-23,Patna,0,0,0.1697374087729041
2020-01-23,Chandigarh,0,0,0.0
2020-01-24,Hyderabad,0,0,0.0
2020-01-24,Chennai,0,0,0.0
2020-01-24,Guwahati,1,1,0.8526171418688413
2020-01-24,Kolkata,0,0,0.09778853077929218
2020-01-24,Gurugram,0,0,0.029018904964674425
2020-01-24,Patna,0,0,0.042455688498113715
2020-01-24,Bhopal,0,0,0.0022407873036472273
2020-01-24,Mumbai,0,0,0.0028673239923888605
2020-01-24,Visakhapatnam,0,0,0.007210746774841845
2020-01-24,Jaipur,0,0,0.0
2020-01-24,Bengaluru,0,0,0.0
2020-01-24,Delhi,0,0,0.17916339296284106
2020-01-24,Amaravati,0,0,0.0
2020-01-24,Chandigarh,0,0,0.0
2020-01-24,Brajrajnagar,0,0,0.03606088162946926
2020-01-24,Amritsar,0,0,0.0
2020-01-25,Gurugram,0,0,0.060066257407791736
2020-01-25,Patna,0,1,0.20748458037050582
2020-01-25,Mumbai,0,0,0.01028654849558133
2020-01-25,Visakhapatnam,0,0,0.007509472191815416
2020-01-25,Hyderabad,0,0,0.0
2020-01-25,Bhopal,0,0,0.03717093477933598
2020-01-25,Bengaluru,0,0,0.0
2020-01-25,Guwahati,1,1,0.9430880906783963
2020-01-25,Amritsar,0,0,0.0
2020-01-25,Delhi,1,1,0.49318690336726556
2020-01-25,Jaipur,0,0,0.0
2020-01-25,Chandigarh,0,0,0.003007475143334059
2020-01-25,Amaravati,0,0,0.0
2020-01-25,Chennai,0,0,0.0
2020-01-25,Kolkata,0,0,0.03746077945000019
2020-01-26,Guwahati,1,1,0.8296219302667942
2020-01-26,Bhopal,0,0,0.019210518593971878
2020-01-26,Mumbai,0,0,0.06437690501386586
2020-01-26,Kolkata,0,0,0.16269993714704914
2020-01-26,Gurugram,0,1,0.5411410938905981
2020-01-26,Amaravati,0,0,0.0
2020-01-26,Visakhapatnam,0,0,0.0020200838451789023
2020-01-26,Patna,1,1,0.45059445294654615
2020-01-26,Chandigarh,0,0,0.005027558988512961
2020-01-26,Hyderabad,0,0,0.0
2020-01-26,Bengaluru,0,0,0.0
2020-01-26,Delhi,1,1,0.9396707803893878
2020-01-26,Jaipur,0,0,0.0
2020-01-26,Chennai,0,0,0.0
2020-01-26,Amritsar,0,0,0.0
2020-01-27,Hyderabad,0,0,0.0
2020-01-27,Mumbai,0,0,0.010729263208710841
2020-01-27,Guwahati,0,1,0.9154393030096384
2020-01-27,Amritsar,0,0,0.0
2020-01-27,Delhi,1,1,0.9516426831477709
2020-01-27,Jaipur,0,0,0.0022407873036472273
2020-01-27,Chandigarh,0,0,0.004566806106062888
2020-01-27,Amaravati,0,0,0.0
2020-01-27,Bengaluru,0,0,0.0
2020-01-27,Chennai,0,0,0.00587479913572292
2020-01-27,Kolkata,0,0,0.1556242167963645
2020-01-27,Patna,1,1,0.6613794258206744
2020-01-27,Bhopal,0,0,0.017816825019669906
2020-01-27,Gurugram,0,1,0.24804424035725456
2020-01-28,Mumbai,0,0,0.009429052243181546
2020-01-28,Chennai,0,0,0.0
2020-01-28,Jaipur,0,0,0.009504172458437493
2020-01-28,Amaravati,0,0,0.0
2020-01-28,Amritsar,0,0,0.0020200838451789023
2020-01-28,Delhi,0,1,0.4191697346647722
2020-01-28,Hyderabad,0,0,0.0
2020-01-28,Patna,0,1,0.8059226476407276
2020-01-28,Gurugram,0,0,0.09389932182398648
2020-01-28,Bengaluru,0,0,0.0
2020-01-28,Kolkata,0,1,0.21708632048916054
2020-01-28,Chandigarh,0,0,0.00503126327930553
2020-01-28,Bhopal,0,0,0.020800122846872316
2020-01-28,Talcher,0,1,0.5993061394291933
2020-01-29,Bengaluru,0,0,0.0
2020-01-29,Jaipur,0,0,0.0022407873036472273
2020-01-29,Kolkata,0,0,0.0471108356621993
2020-01-29,Chennai,0,0,0.0
2020-01-29,Talcher,0,1,0.4920044569253323
2020-01-29,Amritsar,0,0,0.0
2020-01-29,Amaravati,0,0,0.0
2020-01-29,Gurugram,0,0,0.036308166789604475
2020-01-29,Hyderabad,0,0,0.0
2020-01-29,Delhi,0,1,0.258849420995154
2020-01-29,Patna,0,1,0.566234899742927
2020-01-29,Mumbai,0,0,0.0030074751433340594
2020-01-29,Bhopal,0,0,0.023736126619406186
2020-01-29,Chandigarh,0,0,0.0025156316396527656
2020-01-30,Delhi,0,0,0.13950568798813248
2020-01-30,Bhopal,0,0,0.01224001497736527
2020-01-30,Mumbai,0,0,0.0015593309627288292
2020-01-30,Gurugram,0,0,0.013521198726152012
2020-01-30,Patna,0,1,0.7024844958832027
2020-01-30,Amaravati,0,0,0.0
2020-01-30,Chennai,0,0,0.0
2020-01-30,Brajrajnagar,0,0,0.0
2020-01-30,Jaipur,0,0,0.0
2020-01-30,Amritsar,0,0,0.0
2020-01-30,Talcher,0,1,0.21727977708447804
2020-01-30,Chandigarh,0,0,0.0022407873036472273
2020-01-30,Hyderabad,0,0,0.0
2020-01-30,Kolkata,0,0,0.028984998054573677
2020-01-30,Bengaluru,0,0,0.0
2020-01-31,Bengaluru,0,0,0.0025156316396527656
2020-01-31,Kolkata,0,0,0.0025156316396527656
2020-01-31,Gurugram,0,0,0.0
2020-01-31,Mumbai,0,0,0.003007475143334059
2020-01-31,Chennai,0,0,0.0
2020-01-31,Bhopal,0,0,0.0
2020-01-31,Talcher,0,1,0.38239821263129015
2020-01-31,Chandigarh,0,0,0.0
2020-01-31,Visakhapatnam,0,0,0.0
2020-01-31,Patna,0,0,0.105739915264238
2020-01-31,Jaipur,0,0,0.0
2020-01-31,Ahmedabad,1,1,0.7387452047418172
2020-01-31,Brajrajnagar,0,0,0.0
2020-01-31,Amaravati,0,0,0.0
2020-01-31,Amritsar,0,0,0.0025156316396527656
2020-01-31,Hyderabad,0,0,0.0
2020-01-31,Delhi,0,0,0.05816965708761354
2020-02-01,Patna,0,1,0.2865259255899417
2020-02-01,Bhopal,0,0,0.0
2020-02-01,Ahmedabad,1,1,0.7714942937382324
2020-02-01,Chennai,0,0,0.0
2020-02-01,Brajrajnagar,0,0,0.0
2020-02-01,Bengaluru,0,0,0.0
2020-02-01,Kolkata,0,0,0.0
2020-02-01,Chandigarh,0,0,0.0
2020-02-01,Amaravati,0,0,0.0
2020-02-01,Jaipur,0,0,0.0
2020-02-01,Gurugram,0,0,0.0025156316396527656
2020-02-01,Delhi,0,0,0.18003357351071336
2020-02-01,Hyderabad,0,0,0.0
2020-02-01,Guwahati,0,1,0.44856393569414543
2020-02-01,Visakhapatnam,0,0,0.0
2020-02-01,Talcher,0,1,0.221742190917661
2020-02-01,Mumbai,0,0,0.0
2020-02-02,Delhi,0,1,0.25264558545251553
2020-02-02,Patna,0,0,0.02856859362691136
2020-02-02,Bengaluru,0,0,0.0
2020-02-02,Bhopal,0,0,0.0
2020-02-02,Talcher,0,0,0.16958759003420834
2020-02-02,Amaravati,0,0,0.0
2020-02-02,Ahmedabad,0,1,0.7749332017881501
2020-02-02,Visakhapatnam,0,0,0.0
2020-02-02,Brajrajnagar,0,0,0.0
2020-02-02,Kolkata,0,0,0.0
2020-02-02,Gurugram,0,0,0.005677662847924102
2020-02-02,Jaipur,0,0,0.0
2020-02-02,Chandigarh,0,0,0.0
2020-02-02,Mumbai,0,0,0.006200657325722193
2020-02-02,Guwahati,0,1,0.2974214540001732
2020-02-02,Hyderabad,0,0,0.0
2020-02-02,Chennai,0,0,0.0
2020-02-03,Hyderabad,0,0,0.0
2020-02-03,Amaravati,0,0,0.0
2020-02-03,Chandigarh,0,0,0.0
2020-02-03,Bhopal,0,0,0.0
2020-02-03,Jaipur,0,0,0.0
2020-02-03,Patna,0,0,0.015165018113222104
2020-02-03,Chennai,0,0,0.0
2020-02-03,Delhi,1,1,0.7634139444936643
2020-02-03,Mumbai,0,0,0.0
2020-02-03,Visakhapatnam,0,0,0.0
2020-02-03,Gurugram,0,0,0.013428521210864741
2020-02-03,Ahmedabad,1,1,0.574326679952129
2020-02-03,Talcher,0,0,0.05569449004354047
2020-02-03,Kolkata,0,0,0.0
2020-02-03,Bengaluru,0,0,0.0
2020-02-03,Guwahati,1,1,0.5056916273412106
2020-02-04,Kolkata,0,0,0.0
2020-02-04,Amaravati,0,0,0.0
2020-02-04,Jaipur,0,0,0.0
2020-02-04,Mumbai,0,0,0.004535715484831668
2020-02-04,Visakhapatnam,0,0,0.0035265980339682238
2020-02-04,Patna,0,1,0.4293767943368335
2020-02-04,Chennai,0,0,0.0
2020-02-04,Bengaluru,0,0,0.0
2020-02-04,Chandigarh,0,0,0.0
2020-02-04,Bhopal,0,0,0.0
2020-02-04,Talcher,0,0,0.019783201356209375
2020-02-04,Hyderabad,0,0,0.0
2020-02-04,Delhi,1,1,0.9824991347641224
2020-02-04,Ahmedabad,1,1,0.7993742955802552
2020-02-04,Gurugram,0,0,0.04892798946679927
2020-02-04,Guwahati,1,1,0.7534432162715674
2020-02-05,Chandigarh,0,0,0.0
2020-02-05,Delhi,0,1,0.7169421664338449
2020-02-05,Kolkata,0,0,0.0454498753035131
2020-02-05,Hyderabad,0,0,0.0
2020-02-05,Ahmedabad,1,1,0.847904010608354
2020-02-05,Mumbai,0,0,0.004535715484831668
2020-02-05,Gurugram,0,1,0.41936125760634557
2020-02-05,Bengaluru,0,0,0.0
2020-02-05,Jaipur,0,0,0.0
2020-02-05,Talcher,0,0,0.017425463443547128
2020-02-05,Visakhapatnam,0,0,0.005138499451925307
2020-02-05,Patna,0,0,0.14092970585765754
2020-02-05,Guwahati,1,1,0.8963068236830929
2020-02-05,Amaravati,0,0,0.0
2020-02-05,Chennai,0,0,0.0
2020-02-05,Bhopal,0,0,0.0
2020-02-06,Gurugram,0,0,0.06166429003316896
2020-02-06,Guwahati,1,1,0.8072121001949556
2020-02-06,Bengaluru,0,0,0.0
2020-02-06,Patna,0,0,0.0984043505111118
2020-02-06,Chennai,0,0,0.0
2020-02-06,Kolkata,0,0,0.00719237522062544
2020-02-06,Hyderabad,0,0,0.0
2020-02-06,Mumbai,0,0,0.00286732399238886
2020-02-06,Ahmedabad,1,1,0.8026509472523964
2020-02-06,Bhopal,0,0,0.0
2020-02-06,Talcher,0,0,0.0373936866768532
2020-02-06,Chandigarh,0,0,0.0
2020-02-06,Visakhapatnam,0,0,0.003082817236697726
2020-02-06,Jaipur,0,0,0.0022407873036472273
2020-02-06,Delhi,1,1,0.5278825693463037
2020-02-06,Amaravati,0,0,0.0
2020-02-07,Guwahati,1,1,0.7880566905047514
2020-02-07,Delhi,1,1,0.896487856996424
2020-02-07,Visakhapatnam,0,0,0.0
2020-02-07,Gurugram,0,1,0.39024591104615075
2020-02-07,Talcher,0,0,0.036207666419836956
2020-02-07,Amritsar,0,0,0.0
2020-02-07,Brajrajnagar,0,0,0.0
2020-02-07,Mumbai,0,0,0.0
2020-02-07,Jaipur,0,0,0.0
2020-02-07,Kolkata,0,0,0.02307234799173249
2020-02-07,Bhopal,0,0,0.0025156316396527656
2020-02-07,Patna,0,0,0.10427416397983626
2020-02-07,Bengaluru,0,0,0.0
2020-02-07,Amaravati,0,0,0.0
2020-02-07,Chandigarh,0,0,0.0
2020-02-07,Chennai,0,0,0.0
2020-02-07,Hyderabad,0,0,0.0
2020-02-07,Ahmedabad,1,1,0.7994118651767835
2020-02-08,Ahmedabad,0,1,0.8533998564805659
2020-02-08,Mumbai,0,0,0.0029711684098262213
2020-02-08,Talcher,0,0,0.029210382185328627
2020-02-08,Chandigarh,0,0,0.003007475143334059
2020-02-08,Amaravati,0,0,0.0
2020-02-08,Delhi,1,1,0.8976568755759221
2020-02-08,Bhopal,0,0,0.0
2020-02-08,Hyderabad,0,0,0.0
2020-02-08,Visakhapatnam,0,0,0.0
2020-02-08,Amritsar,0,0,0.011774777962702754
2020-02-08,Chennai,0,0,0.0
2020-02-08,Brajrajnagar,0,0,0.0
2020-02-08,Kolkata,0,0,0.18349531970718408
2020-02-08,Bengaluru,0,0,0.0
2020-02-08,Jaipur,0,0,0.0022407873036472273
2020-02-08,Gurugram,0,0,0.11550570280639609
2020-02-08,Guwahati,1,1,0.8078485383020745
2020-02-08,Patna,0,0,0.03935597606574204
2020-02-09,Brajrajnagar,0,0,0.0
2020-02-09,Delhi,1,1,0.8933363021057978
2020-02-09,Bhopal,0,0,0.0025156316396527656
2020-02-09,Guwahati,0,1,0.5942670457685449
2020-02-09,Amaravati,0,0,0.0
2020-02-09,Hyderabad,0,0,0.0
2020-02-09,Kolkata,0,0,0.051517704519496776
2020-02-09,Jaipur,0,0,0.0
2020-02-09,Talcher,0,0,0.004426654955117689
2020-02-09,Chandigarh,0,0,0.0
2020-02-09,Visakhapatnam,0,0,0.0022407873036472273
2020-02-09,Gurugram,0,0,0.13507125234048054
2020-02-09,Mumbai,0,0,0.0
2020-02-09,Bengaluru,0,0,0.0
2020-02-09,Chennai,0,0,0.0
2020-02-09,Amritsar,0,0,0.1302575441401972
2020-02-09,Patna,0,0,0.05341076925212494
2020-02-10,Jaipur,0,0,0.0022407873036472273
2020-02-10,Visakhapatnam,0,0,0.0
2020-02-10,Gurugram,1,1,0.5168644870668303
2020-02-10,Mumbai,0,0,0.0
2020-02-10,Amritsar,0,0,0.06455724172128686
2020-02-10,Amaravati,0,0,0.0
2020-02-10,Hyderabad,0,0,0.0
2020-02-10,Brajrajnagar,0,0,0.0
2020-02-10,Chandigarh,0,0,0.0
2020-02-10,Kolkata,0,0,0.0317687261239901
2020-02-10,Bhopal,0,0,0.0
2020-02-10,Chennai,0,0,0.0
2020-02-10,Delhi,1,1,0.9697241123391394
2020-02-10,Bengaluru,0,0,0.0
2020-02-10,Patna,0,0,0.048038854267730684
2020-02-10,Guwahati,0,1,0.3931347119690286
2020-02-11,Bengaluru,0,0,0.0
2020-02-11,Chandigarh,0,0,0.0
2020-02-11,Kolkata,0,0,0.09037055822672205
2020-02-11,Visakhapatnam,0,0,0.005195620645489373
2020-02-11,Amritsar,0,0,0.17322531787137907
2020-02-11,Guwahati,0,1,0.3398754713863272
2020-02-11,Hyderabad,0,0,0.0
2020-02-11,Chennai,0,0,0.0
2020-02-11,Amaravati,0,0,0.0
2020-02-11,Mumbai,0,0,0.0
2020-02-11,Brajrajnagar,0,0,0.005382955632041626
2020-02-11,Jaipur,0,0,0.0
2020-02-11,Delhi,1,1,0.986548780491569
2020-02-11,Gurugram,1,1,0.7228642882691302
2020-02-11,Patna,0,1,0.2606457534657282
2020-02-11,Bhopal,0,0,0.0
2020-02-12,Brajrajnagar,0,0,0.00439035253092097
2020-02-12,Gurugram,0,1,0.7373406393309496
2020-02-12,Mumbai,0,0,0.0
2020-02-12,Hyderabad,0,0,0.0
2020-02-12,Kolkata,0,0,0.0438215096725476
2020-02-12,Chandigarh,0,0,0.0
2020-02-12,Bengaluru,0,0,0.0
2020-02-12,Delhi,0,1,0.9644925619535752
2020-02-12,Bhopal,0,0,0.007215704490668276
2020-02-12,Amritsar,0,0,0.011040241442363657
2020-02-12,Patna,0,0,0.1007633557588048
2020-02-12,Amaravati,0,0,0.0
2020-02-12,Guwahati,1,1,0.34966921516914645
2020-02-12,Jaipur,0,0,0.0
2020-02-12,Visakhapatnam,0,0,0.0
2020-02-12,Chennai,0,0,0.0
2020-02-13,Gurugram,0,0,0.10693930284552207
2020-02-13,Amaravati,0,0,0.0020200838451789023
2020-02-13,Chennai,0,0,0.0
2020-02-13,Bhopal,0,0,0.09631136036319302
2020-02-13,Kolkata,0,0,0.05899512958910406
2020-02-13,Ahmedabad,1,1,0.8414840567134344
2020-02-13,Bengaluru,0,0,0.0025156316396527656
2020-02-13,Patna,0,1,0.2113119033384328
2020-02-13,Chandigarh,0,0,0.0
2020-02-13,Brajrajnagar,0,0,0.0020200838451789023
2020-02-13,Hyderabad,0,0,0.0
2020-02-13,Delhi,0,1,0.250529233311447
2020-02-13,Amritsar,0,0,0.0028673239923888596
2020-02-13,Mumbai,0,0,0.0
2020-02-13,Guwahati,1,1,0.5830177164399629
2020-02-13,Jaipur,0,0,0.0031620312082713364
2020-02-13,Visakhapatnam,0,0,0.03887927385180512
2020-02-14,Bhopal,0,0,0.02010774923211506
2020-02-14,Delhi,0,0,0.1300360228570841
2020-02-14,Jaipur,0,0,0.0022407873036472273
2020-02-14,Visakhapatnam,0,0,0.004920776309483835
2020-02-14,Patna,0,0,0.036157893212964864
2020-02-14,Ahmedabad,1,1,0.8010280016940672
2020-02-14,Guwahati,1,1,0.8357873739792286
2020-02-14,Chennai,0,0,0.0
2020-02-14,Amritsar,0,0,0.0
2020-02-14,Amaravati,0,0,0.0
2020-02-14,Hyderabad,0,0,0.0055231067829868245
2020-02-14,Bengaluru,0,0,0.0026228678122725405
2020-02-14,Kolkata,0,0,0.1113477615449474
2020-02-14,Brajrajnagar,0,0,0.0020200838451789023
2020-02-14,Talcher,1,1,0.7401201689986896
2020-02-14,Mumbai,0,0,0.0
2020-02-14,Chandigarh,0,0,0.0
2020-02-14,Gurugram,0,0,0.041224520958951134
2020-02-15,Amritsar,0,0,0.0
2020-02-15,Chandigarh,0,0,0.0
2020-02-15,Ahmedabad,1,1,0.9143214249036311
2020-02-15,Visakhapatnam,0,0,0.0033333333333333335
2020-02-15,Patna,0,0,0.03375034025752091
2020-02-15,Talcher,1,1,0.6384657832831467
2020-02-15,Brajrajnagar,0,0,0.0020200838451789023
2020-02-15,Jaipur,0,0,0.0025156316396527656
2020-02-15,Guwahati,1,1,0.8720839123408397
2020-02-15,Amaravati,0,0,0.00503126327930553
2020-02-15,Mumbai,0,0,0.0022407873036472273
2020-02-15,Bengaluru,0,0,0.0
2020-02-15,Hyderabad,0,0,0.0055231067829868245
2020-02-15,Bhopal,0,0,0.04242882967826842
2020-02-15,Delhi,0,0,0.02540472875035876
2020-02-15,Kolkata,0,0,0.041100154380481195
2020-02-15,Chennai,0,0,0.0025156316396527656
2020-02-15,Gurugram,0,0,0.010846711323331778
2020-02-16,Amaravati,0,0,0.002515631639652765
2020-02-16,Guwahati,1,1,0.9245836003842675
2020-02-16,Hyderabad,0,0,0.0055231067829868245
2020-02-16,Amritsar,0,0,0.0020200838451789023
2020-02-16,Mumbai,0,0,0.004920776309483835
2020-02-16,Ahmedabad,1,1,0.9117640086373725
2020-02-16,Patna,0,0,0.0450220740557191
2020-02-16,Visakhapatnam,0,0,0.0
2020-02-16,Delhi,1,1,0.4766638987948382
2020-02-16,Gurugram,0,0,0.06394959832763675
2020-02-16,Jaipur,0,0,0.005950141229086586
2020-02-16,Brajrajnagar,0,0,0.009456491794315503
2020-02-16,Chennai,0,0,0.0
2020-02-16,Bhopal,0,0,0.01466480010605611
2020-02-16,Bengaluru,0,0,0.0
2020-02-16,Kolkata,0,0,0.13929144596345977
2020-02-16,Chandigarh,0,0,0.0
2020-02-16,Talcher,1,1,0.807024780913581
2020-02-17,Guwahati,1,1,0.9214105213201308
2020-02-17,Chennai,0,0,0.0
2020-02-17,Amaravati,0,0,0.0
2020-02-17,Kolkata,0,0,0.04844485650488556
2020-02-17,Amritsar,0,0,0.0
2020-02-17,Brajrajnagar,0,0,0.003082817236697726
2020-02-17,Ahmedabad,1,1,0.9231164988340678
2020-02-17,Chandigarh,0,0,0.0
2020-02-17,Talcher,1,1,0.8344936459060506
2020-02-17,Hyderabad,0,0,0.0
2020-02-17,Delhi,0,1,0.8700154110346003
2020-02-17,Bhopal,0,0,0.019770632420080515
2020-02-17,Gurugram,0,0,0.18580247572710584
2020-02-17,Visakhapatnam,0,0,0.0
2020-02-17,Jaipur,0,0,0.0018389580421132041
2020-02-17,Bengaluru,0,0,0.0
2020-02-17,Patna,0,0,0.028413605775770463
2020-02-17,Mumbai,0,0,0.053379832620447175
2020-02-18,Patna,0,0,0.021215586972087783
2020-02-18,Guwahati,0,1,0.8945020593806519
2020-02-18,Amritsar,0,0,0.0
2020-02-18,Brajrajnagar,0,0,0.0
2020-02-18,Jaipur,0,0,0.003082817236697726
2020-02-18,Ahmedabad,1,1,0.9335540235082408
2020-02-18,Chandigarh,0,0,0.0
2020-02-18,Talcher,0,1,0.4497538844816367
2020-02-18,Bengaluru,0,0,0.0
2020-02-18,Hyderabad,0,0,0.0
2020-02-18,Visakhapatnam,0,0,0.0
2020-02-18,Delhi,1,1,0.5775010923374692
2020-02-18,Amaravati,0,0,0.0
2020-02-18,Mumbai,0,0,0.043512048957610246
2020-02-18,Bhopal,0,0,0.015626174624820608
2020-02-18,Chennai,0,0,0.0
2020-02-18,Gurugram,0,0,0.03886969265551555
2020-02-18,Kolkata,0,0,0.047580275496709463
2020-02-19,Chandigarh,0,0,0.0
2020-02-19,Bhopal,0,0,0.013197863572669414
2020-02-19,Chennai,0,0,0.00587479913572292
2020-02-19,Ahmedabad,1,1,0.9185724065390698
2020-02-19,Hyderabad,0,0,0.0
2020-02-19,Gurugram,0,0,0.07500124360112255
2020-02-19,Brajrajnagar,0,0,0.005102901081876628
2020-02-19,Visakhapatnam,0,0,0.0
2020-02-19,Amaravati,0,0,0.0
2020-02-19,Patna,0,0,0.013613736004815958
2020-02-19,Guwahati,0,1,0.21069303552008387
2020-02-19,Talcher,0,1,0.34325526951073454
2020-02-19,Bengaluru,0,0,0.0
2020-02-19,Mumbai,0,0,0.043342676906403664
2020-02-19,Kolkata,0,0,0.0379599285566407
2020-02-19,Jaipur,0,0,0.0
2020-02-19,Delhi,0,1,0.8814905881447537
2020-02-20,Amaravati,0,0,0.0
2020-02-20,Visakhapatnam,0,0,0.0
2020-02-20,Chennai,0,0,0.0
2020-02-20,Gurugram,0,0,0.00973557152552119
2020-02-20,Guwahati,0,1,0.6261651548980156
2020-02-20,Ahmedabad,1,1,0.8554425962231018
2020-02-20,Delhi,0,1,0.2725135410839611
2020-02-20,Patna,0,0,0.1399897954833758
2020-02-20,Chandigarh,0,0,0.0
2020-02-20,Hyderabad,0,0,0.0
2020-02-20,Kolkata,0,0,0.014705405089306256
2020-02-20,Bengaluru,0,0,0.0
2020-02-20,Talcher,0,0,0.11334369795325368
2020-02-20,Mumbai,0,0,0.010802598214501268
2020-02-20,Brajrajnagar,0,0,0.0020200838451789023
2020-02-20,Jaipur,0,0,0.0025156316396527656
2020-02-20,Bhopal,0,0,0.013528930227300992
2020-02-21,Guwahati,1,1,0.2757188649395912
2020-02-21,Gurugram,0,0,0.012756456655732763
2020-02-21,Hyderabad,0,0,0.0
2020-02-21,Amaravati,0,0,0.0
2020-02-21,Kolkata,0,0,0.03106767813010621
2020-02-21,Chennai,0,0,0.004756418943299992
2020-02-21,Chandigarh,0,0,0.004887407837567762
2020-02-21,Bhopal,0,0,0.010268855957436459
2020-02-21,Bengaluru,0,0,0.0
2020-02-21,Jaipur,0,0,0.0441259787362488
2020-02-21,Talcher,0,0,0.06903836945062342
2020-02-21,Visakhapatnam,0,0,0.0
2020-02-21,Mumbai,0,0,0.0
2020-02-21,Ahmedabad,0,1,0.9027858811272358
2020-02-21,Patna,0,0,0.1681245087619106
2020-02-21,Brajrajnagar,0,0,0.0020200838451789023
2020-02-21,Delhi,0,0,0.0528517889293335
2020-02-22,Chandigarh,0,0,0.0
2020-02-22,Hyderabad,0,0,0.0
2020-02-22,Bhopal,0,0,0.021251766389195466
2020-02-22,Gurugram,0,0,0.004892664296062163
2020-02-22,Delhi,0,0,0.03853328357236353
2020-02-22,Brajrajnagar,0,0,0.013974718110445072
2020-02-22,Mumbai,0,0,0.009270583247870967
2020-02-22,Ahmedabad,0,1,0.5764331308676292
2020-02-22,Kolkata,0,0,0.17185972401196717
2020-02-22,Bengaluru,0,0,0.0
2020-02-22,Guwahati,1,1,0.5321844978365783
2020-02-22,Talcher,0,0,0.041662371232215493
2020-02-22,Chennai,0,0,0.008390430775375685
2020-02-22,Amaravati,0,0,0.0
2020-02-22,Patna,0,0,0.048437665317507685
2020-02-22,Jaipur,0,0,0.013358390920466574
2020-02-23,Hyderabad,0,0,0.0
2020-02-23,Ahmedabad,0,1,0.2937728892150988
2020-02-23,Amaravati,0,0,0.0
2020-02-23,Talcher,0,0,0.015239675708025792
2020-02-23,Jaipur,0,0,0.002515631639652765
2020-02-23,Gurugram,0,0,0.05798827076044211
2020-02-23,Delhi,0,0,0.15738892707660515
2020-02-23,Chandigarh,0,0,0.0
2020-02-23,Brajrajnagar,0,0,0.01253814717396342
2020-02-23,Bhopal,0,0,0.059471139765004406
2020-02-23,Patna,0,0,0.0780749447934327
2020-02-23,Kolkata,0,0,0.06175507121216217
2020-02-23,Chennai,0,0,0.002515631639652765
2020-02-23,Guwahati,0,1,0.4090603377317652
2020-02-23,Bengaluru,0,0,0.0
2020-02-23,Mumbai,0,0,0.005599498653086634
2020-02-24,Ahmedabad,1,1,0.33417518128530066
2020-02-24,Delhi,0,0,0.04213856460624992
2020-02-24,Chandigarh,0,0,0.0
2020-02-24,Guwahati,0,1,0.22445697685857108
2020-02-24,Mumbai,0,0,0.002515631639652765
2020-02-24,Amaravati,0,0,0.0
2020-02-24,Gurugram,0,0,0.009663075280279968
2020-02-24,Jaipur,0,0,0.004756418943299992
2020-02-24,Bhopal,0,0,0.01764591281487639
2020-02-24,Bengaluru,0,0,0.0
2020-02-24,Patna,0,0,0.008033406184348845
2020-02-24,Chennai,0,0,0.0
2020-02-24,Kolkata,0,0,0.11218254195596931
2020-02-24,Talcher,0,0,0.0033333333333333335
2020-02-24,Hyderabad,0,0,0.0
2020-02-25,Chandigarh,0,0,0.0
2020-02-25,Ahmedabad,1,1,0.7436941246101738
2020-02-25,Hyderabad,0,0,0.0
2020-02-25,Jaipur,0,0,0.0
2020-02-25,Kolkata,0,0,0.032827922859912144
2020-02-25,Mumbai,0,0,0.006269061155092716
2020-02-25,Bhopal,0,0,0.012846171219933322
2020-02-25,Bengaluru,0,0,0.0
2020-02-25,Gurugram,0,0,0.09515493467398699
2020-02-25,Amaravati,0,0,0.0
2020-02-25,Talcher,0,0,0.0
2020-02-25,Guwahati,0,0,0.13552187004126034
2020-02-25,Patna,0,0,0.008033406184348845
2020-02-25,Delhi,1,1,0.4024930975055421
2020-02-25,Chennai,0,0,0.0
2020-02-26,Chennai,0,0,0.0
2020-02-26,Bhopal,0,0,0.021987254622957527
2020-02-26,Jaipur,0,0,0.0
2020-02-26,Visakhapatnam,0,0,0.005842020214107944
2020-02-26,Hyderabad,0,0,0.0
2020-02-26,Patna,0,0,0.008033406184348845
2020-02-26,Talcher,0,0,0.005382955632041626
2020-02-26,Amaravati,0,0,0.0
2020-02-26,Gurugram,0,1,0.22750377325857155
2020-02-26,Kolkata,0,0,0.014749474184421836
2020-02-26,Guwahati,0,0,0.03772697538636386
2020-02-26,Delhi,0,1,0.7938875186079749
2020-02-26,Ahmedabad,1,1,0.8060595453701441
2020-02-26,Chandigarh,0,0,0.0
2020-02-26,Bengaluru,0,0,0.0025156316396527656
2020-02-26,Mumbai,0,0,0.005031263279305531
2020-02-27,Hyderabad,0,0,0.0
2020-02-27,Bengaluru,0,0,0.0
2020-02-27,Chandigarh,0,0,0.002515631639652765
2020-02-27,Talcher,0,0,0.010527753878495728
2020-02-27,Patna,0,0,0.006259403813744339
2020-02-27,Ahmedabad,1,1,0.7333387487113566
2020-02-27,Delhi,0,1,0.35232588636112167
2020-02-27,Jaipur,0,0,0.0
2020-02-27,Mumbai,0,0,0.005677662847924102
2020-02-27,Gurugram,0,0,0.061940705892340235
2020-02-27,Guwahati,0,0,0.01336234296298454
2020-02-27,Amaravati,0,0,0.0
2020-02-27,Chennai,0,0,0.0
2020-02-27,Bhopal,0,0,0.012157950908347592
2020-02-27,Visakhapatnam,0,0,0.0
2020-02-27,Kolkata,0,0,0.00414480345038303
2020-02-28,Visakhapatnam,0,0,0.0025156316396527656
2020-02-28,Bhopal,0,0,0.01764591281487639
2020-02-28,Amaravati,0,0,0.0
2020-02-28,Chennai,0,0,0.0
2020-02-28,Bengaluru,0,0,0.0
2020-02-28,Brajrajnagar,0,0,0.0
2020-02-28,Kolkata,0,0,0.004804754359694076
2020-02-28,Talcher,0,0,0.002739653576623033
2020-02-28,Gurugram,0,0,0.032308584776809465
2020-02-28,Amritsar,0,0,0.005382955632041626
2020-02-28,Delhi,0,0,0.09552965766461748
2020-02-28,Hyderabad,0,0,0.0
2020-02-28,Jaipur,0,0,0.0
2020-02-28,Chandigarh,0,0,0.0
2020-02-28,Guwahati,0,0,0.023166387865377436
2020-02-28,Mumbai,0,0,0.009292134428131659
2020-02-28,Patna,0,0,0.02016687283616971
2020-02-28,Ahmedabad,1,1,0.8510022995568737
2020-02-29,Talcher,0,0,0.0
2020-02-29,Patna,0,0,0.013449730288306542
2020-02-29,Jaipur,0,0,0.0
2020-02-29,Guwahati,0,0,0.03651677617585627
2020-02-29,Ahmedabad,1,1,0.8560650795305357
2020-02-29,Visakhapatnam,0,0,0.0
2020-02-29,Bhopal,0,0,0.024855187337965528
2020-02-29,Delhi,0,0,0.013871898586563925
2020-02-29,Amaravati,0,0,0.0
2020-02-29,Kolkata,0,0,0.0
2020-02-29,Bengaluru,0,0,0.0
2020-02-29,Amritsar,0,0,0.0
2020-02-29,Chandigarh,0,0,0.0
2020-02-29,Mumbai,0,0,0.0025156316396527656
2020-02-29,Gurugram,0,0,0.007869048818165001
2020-02-29,Chennai,0,0,0.0022407873036472273
2020-02-29,Hyderabad,0,0,0.0
2020-03-01,Chennai,0,0,0.0
2020-03-01,Kolkata,0,0,0.013304724262114898
2020-03-01,Guwahati,1,1,0.38306273809707797
2020-03-01,Jaipur,0,0,0.0
2020-03-01,Delhi,0,0,0.0
2020-03-01,Mumbai,0,0,0.005248262446981286
2020-03-01,Ahmedabad,1,1,0.9297914641222854
2020-03-01,Amaravati,0,0,0.0
2020-03-01,Bhopal,0,0,0.015571712775545607
2020-03-01,Gurugram,0,0,0.0
2020-03-01,Patna,0,0,0.01372404584174375
2020-03-01,Visakhapatnam,0,0,0.0
2020-03-01,Chandigarh,0,0,0.0
2020-03-01,Amritsar,0,0,0.0022407873036472273
2020-03-01,Bengaluru,0,0,0.0
2020-03-01,Talcher,0,0,0.002515631639652765
2020-03-01,Hyderabad,0,0,0.0
2020-03-02,Patna,0,0,0.009649083239362156
2020-03-02,Bhopal,0,0,0.012206240576088335
2020-03-02,Amritsar,0,0,0.0
2020-03-02,Amaravati,0,0,0.0
2020-03-02,Kolkata,0,0,0.00917853614654594
2020-03-02,Gurugram,0,0,0.08192395388195355
2020-03-02,Delhi,0,0,0.14808157158109594
2020-03-02,Talcher,0,0,0.02350901627059243
2020-03-02,Bengaluru,0,0,0.0025156316396527656
2020-03-02,Mumbai,0,0,0.004239319968565436
2020-03-02,Ahmedabad,1,1,0.9391176130874261
2020-03-02,Chandigarh,0,0,0.0
2020-03-02,Hyderabad,0,0,0.0
2020-03-02,Jaipur,0,0,0.0
2020-03-02,Chennai,0,0,0.0
2020-03-02,Guwahati,0,1,0.23361563288368903
2020-03-03,Amaravati,0,0,0.0
2020-03-03,Bengaluru,0,0,0.00847183278525864
2020-03-03,Patna,0,0,0.02217488667833625
2020-03-03,Hyderabad,0,0,0.0
2020-03-03,Bhopal,0,0,0.007898587271694391
2020-03-03,Jaipur,0,0,0.0020200838451789023
2020-03-03,Kolkata,0,0,0.00958622726354941
2020-03-03,Gurugram,0,0,0.026574839914845588
2020-03-03,Mumbai,0,0,0.004203271631507786
2020-03-03,Delhi,0,0,0.04310736989678042
2020-03-03,Talcher,0,0,0.022383101768990256
2020-03-03,Chennai,0,0,0.0
2020-03-03,Amritsar,0,0,0.0
2020-03-03,Guwahati,0,0,0.11085267964537468
2020-03-03,Ahmedabad,0,1,0.9166680020782997
2020-03-03,Chandigarh,0,0,0.0
2020-03-04,Guwahati,0,0,0.04125931002846408
2020-03-04,Ahmedabad,0,1,0.6741405846148681
2020-03-04,Amritsar,0,0,0.0
2020-03-04,Patna,0,0,0.04025625607705975
2020-03-04,Mumbai,0,0,0.0
2020-03-04,Chandigarh,0,0,0.0
2020-03-04,Chennai,0,0,0.0
2020-03-04,Bengaluru,0,0,0.0
2020-03-04,Jaipur,0,0,0.0
2020-03-04,Amaravati,0,0,0.0
2020-03-04,Hyderabad,0,0,0.0
2020-03-04,Kolkata,0,0,0.008880646331558802
2020-03-04,Delhi,0,0,0.041151150691363575
2020-03-04,Talcher,0,0,0.026241912957081864
2020-03-04,Gurugram,0,0,0.003082817236697726
2020-03-04,Bhopal,0,0,0.0025156316396527656
2020-03-05,Gurugram,0,0,0.005108111296036088
2020-03-05,Delhi,0,0,0.008338102452973525
2020-03-05,Amaravati,0,0,0.0
2020-03-05,Mumbai,0,0,0.0
2020-03-05,Talcher,0,0,0.016512359801902732
2020-03-05,Guwahati,0,0,0.023308887425760448
2020-03-05,Chandigarh,0,0,0.0
2020-03-05,Ahmedabad,1,1,0.5532582941417891
2020-03-05,Kolkata,0,0,0.0026799890058366075
2020-03-05,Bengaluru,0,0,0.0
2020-03-05,Chennai,0,0,0.0
2020-03-05,Bhopal,0,0,0.0074015319650475985
2020-03-05,Patna,0,0,0.018746567706778624
2020-03-05,Amritsar,0,0,0.0
2020-03-05,Hyderabad,0,0,0.0
2020-03-05,Jaipur,0,0,0.0022407873036472273
2020-03-06,Delhi,0,0,0.016815115260187575
2020-03-06,Bengaluru,0,0,0.0
2020-03-06,Amaravati,0,0,0.0
2020-03-06,Guwahati,0,0,0.002515631639652765
2020-03-06,Kolkata,0,0,0.0
2020-03-06,Bhopal,0,0,0.007968717562092558
2020-03-06,Gurugram,0,0,0.006029355200660197
2020-03-06,Chandigarh,0,0,0.0
2020-03-06,Chennai,0,0,0.0
2020-03-06,Hyderabad,0,0,0.0
2020-03-06,Mumbai,0,0,0.0
2020-03-06,Talcher,0,0,0.004137048538149807
2020-03-06,Patna,0,0,0.010743247122804594
2020-03-06,Visakhapatnam,0,0,0.002971168409826222
2020-03-06,Ahmedabad,1,1,0.4160152838550548
2020-03-06,Amritsar,0,0,0.0
2020-03-06,Jaipur,0,0,0.0025156316396527656
2020-03-07,Delhi,0,0,0.0055231067829868245
2020-03-07,Hyderabad,0,0,0.0
2020-03-07,Amritsar,0,0,0.0
2020-03-07,Ahmedabad,1,1,0.5605760329343915
2020-03-07,Talcher,0,0,0.0028673239923888605
2020-03-07,Guwahati,0,0,0.008856440116320157
2020-03-07,Chandigarh,0,0,0.0
2020-03-07,Bengaluru,0,0,0.0
2020-03-07,Amaravati,0,0,0.0
2020-03-07,Bhopal,0,0,0.00712668762904206
2020-03-07,Kolkata,0,0,0.0
2020-03-07,Chennai,0,0,0.0
2020-03-07,Gurugram,0,0,0.0
2020-03-07,Mumbai,0,0,0.0
2020-03-07,Patna,0,0,0.014252788070964837
2020-03-07,Visakhapatnam,0,0,0.0
2020-03-07,Jaipur,0,0,0.0
2020-03-08,Kolkata,0,0,0.0
2020-03-08,Gurugram,0,0,0.0032031846333710153
2020-03-08,Amaravati,0,0,0.0
2020-03-08,Amritsar,0,0,0.0
2020-03-08,Chandigarh,0,0,0.0
2020-03-08,Visakhapatnam,0,0,0.0
2020-03-08,Talcher,0,0,0.006817037543986415
2020-03-08,Mumbai,0,0,0.0
2020-03-08,Hyderabad,0,0,0.0
2020-03-08,Chennai,0,0,0.0
2020-03-08,Delhi,0,0,0.01441858225916281
2020-03-08,Jaipur,0,0,0.0
2020-03-08,Bengaluru,0,0,0.0
2020-03-08,Guwahati,0,0,0.0
2020-03-08,Patna,0,0,0.007957942012378084
2020-03-08,Bhopal,0,0,0.0054615421157521325
2020-03-09,Guwahati,0,0,0.007292043964552997
2020-03-09,Jaipur,0,0,0.0
2020-03-09,Chandigarh,0,0,0.0
2020-03-09,Bengaluru,0,0,0.0
2020-03-09,Delhi,0,0,0.004706282034502065
2020-03-09,Hyderabad,0,0,0.0
2020-03-09,Mumbai,0,0,0.0
2020-03-09,Kolkata,0,0,0.0
2020-03-09,Amaravati,0,0,0.0
2020-03-09,Bhopal,0,0,0.0009258266309204647
2020-03-09,Chennai,0,0,0.0
2020-03-09,Visakhapatnam,0,0,0.0
2020-03-09,Gurugram,0,0,0.0
2020-03-09,Amritsar,0,0,0.0
2020-03-09,Patna,0,0,0.004782487061127431
2020-03-10,Amritsar,0,0,0.0
2020-03-10,Guwahati,0,0,0.054084476745460144
2020-03-10,Visakhapatnam,0,0,0.0
2020-03-10,Mumbai,0,0,0.0
2020-03-10,Amaravati,0,0,0.0025156316396527656
2020-03-10,Delhi,0,0,0.009625226628280099
2020-03-10,Bhopal,0,0,0.0028673239923888605
2020-03-10,Bengaluru,0,0,0.0
2020-03-10,Chennai,0,0,0.0
2020-03-10,Jaipur,0,0,0.0
2020-03-10,Hyderabad,0,0,0.0
2020-03-10,Patna,0,1,0.2119627245015647
2020-03-10,Gurugram,0,0,0.0
2020-03-10,Chandigarh,0,0,0.0
2020-03-10,Kolkata,0,0,0.0
2020-03-11,Delhi,0,0,0.0
2020-03-11,Patna,0,0,0.06575737187376028
2020-03-11,Hyderabad,0,0,0.0
2020-03-11,Amaravati,0,0,0.0
2020-03-11,Bhopal,0,0,0.0025156316396527656
2020-03-11,Chandigarh,0,0,0.0
2020-03-11,Gurugram,0,0,0.0
2020-03-11,Visakhapatnam,0,0,0.0
2020-03-11,Guwahati,0,0,0.011251783484904661
2020-03-11,Bengaluru,0,0,0.0
2020-03-11,Amritsar,0,0,0.0
2020-03-11,Chennai,0,0,0.0
2020-03-11,Mumbai,0,0,0.0
2020-03-11,Kolkata,0,0,0.0
2020-03-11,Jaipur,0,0,0.0
2020-03-12,Kolkata,0,0,0.0
2020-03-12,Chandigarh,0,0,0.0
2020-03-12,Bengaluru,0,0,0.0
2020-03-12,Bhopal,0,0,0.0
2020-03-12,Amaravati,0,0,0.0
2020-03-12,Chennai,0,0,0.0
2020-03-12,Delhi,0,0,0.005102901081876627
2020-03-12,Mumbai,0,0,0.0
2020-03-12,Jaipur,0,0,0.0020200838451789023
2020-03-12,Hyderabad,0,0,0.0
2020-03-12,Patna,0,0,0.04626270961491724
2020-03-12,Guwahati,0,0,0.1275244301478554
2020-03-12,Gurugram,0,0,0.003007475143334059
2020-03-12,Visakhapatnam,0,0,0.0
2020-03-13,Gurugram,0,0,0.008335833751207725
2020-03-13,Hyderabad,0,0,0.0
2020-03-13,Mumbai,0,0,0.0
2020-03-13,Kolkata,0,0,0.0
2020-03-13,Visakhapatnam,0,0,0.0
2020-03-13,Chennai,0,0,0.0
2020-03-13,Bengaluru,0,0,0.0
2020-03-13,Chandigarh,0,0,0.0
2020-03-13,Jaipur,0,0,0.15329024074894482
2020-03-13,Talcher,0,0,0.026554939837834524
2020-03-13,Guwahati,0,0,0.03688081615700889
2020-03-13,Bhopal,0,0,0.0016876399918550197
2020-03-13,Delhi,0,0,0.009995565377938791
2020-03-13,Patna,0,0,0.004700072851015509
2020-03-13,Amaravati,0,0,0.0
2020-03-14,Amaravati,0,0,0.0
2020-03-14,Delhi,0,0,0.0053534171785122354
2020-03-14,Visakhapatnam,0,0,0.0
2020-03-14,Mumbai,0,0,0.0028673239923888605
2020-03-14,Kolkata,0,0,0.0
2020-03-14,Hyderabad,0,0,0.0
2020-03-14,Patna,0,0,0.0069408601546627376
2020-03-14,Guwahati,0,0,0.15264139043913913
2020-03-14,Gurugram,0,0,0.0
2020-03-14,Bhopal,0,0,0.004367628997691627
2020-03-14,Talcher,0,0,0.030815810986660648
2020-03-14,Chennai,0,0,0.0
2020-03-14,Chandigarh,0,0,0.0
2020-03-14,Jaipur,0,0,0.04045082005514805
2020-03-14,Bengaluru,0,0,0.0
2020-03-15,Patna,0,0,0.004700072851015509
2020-03-15,Hyderabad,0,0,0.0
2020-03-15,Chennai,0,0,0.0
2020-03-15,Kolkata,0,0,0.0
2020-03-15,Jaipur,0,0,0.033787092545643445
2020-03-15,Amaravati,0,0,0.0
2020-03-15,Bhopal,0,0,0.012246967769973808
2020-03-15,Mumbai,0,0,0.00590838392329596
2020-03-15,Guwahati,0,0,0.04178129398830957
2020-03-15,Visakhapatnam,0,0,0.0
2020-03-15,Chandigarh,0,0,0.0
2020-03-15,Bengaluru,0,0,0.0
2020-03-15,Gurugram,0,0,0.002515631639652765
2020-03-15,Delhi,0,0,0.033439789994517334
2020-03-16,Gurugram,0,0,0.0
2020-03-16,Amritsar,0,0,0.0
2020-03-16,Delhi,0,0,0.0
2020-03-16,Ahmedabad,1,1,0.20075063816287628
2020-03-16,Patna,0,0,0.009592737147077672
2020-03-16,Bhopal,0,0,0.011769160962739226
2020-03-16,Guwahati,0,0,0.046214941980231024
2020-03-16,Hyderabad,0,0,0.0
2020-03-16,Visakhapatnam,0,0,0.0
2020-03-16,Mumbai,0,0,0.006286001870068741
2020-03-16,Bengaluru,0,0,0.0
2020-03-16,Kolkata,0,0,0.0068075934097101155
2020-03-16,Jaipur,0,0,0.011968247444289197
2020-03-16,Chandigarh,0,0,0.0
2020-03-16,Chennai,0,0,0.0
2020-03-16,Amaravati,0,0,0.0
2020-03-17,Delhi,0,0,0.0
2020-03-17,Hyderabad,0,0,0.0
2020-03-17,Bengaluru,0,0,0.0
2020-03-17,Kolkata,0,0,0.0
2020-03-17,Gurugram,0,0,0.0
2020-03-17,Bhopal,0,0,0.00712668762904206
2020-03-17,Amritsar,0,0,0.0
2020-03-17,Chennai,0,0,0.06541921296913594
2020-03-17,Patna,0,0,0.008033406184348845
2020-03-17,Jaipur,0,0,0.010109100546420629
2020-03-17,Mumbai,0,0,0.0172198968704248
2020-03-17,Guwahati,0,0,0.06470861594172694
2020-03-17,Amaravati,0,0,0.0
2020-03-17,Visakhapatnam,0,0,0.0
2020-03-17,Chandigarh,0,0,0.0026799890058366075
2020-03-18,Amritsar,0,0,0.0
2020-03-18,Bhopal,0,0,0.0
2020-03-18,Jaipur,0,0,0.002515631639652765
2020-03-18,Gurugram,0,0,0.005574120636980561
2020-03-18,Mumbai,0,0,0.003007475143334059
2020-03-18,Visakhapatnam,0,0,0.0
2020-03-18,Delhi,0,0,0.0
2020-03-18,Patna,0,0,0.008033406184348845
2020-03-18,Bengaluru,0,0,0.0
2020-03-18,Amaravati,0,0,0.0
2020-03-18,Hyderabad,0,0,0.0
2020-03-18,Chennai,0,0,0.016435366802840082
2020-03-18,Kolkata,0,0,0.0
2020-03-18,Chandigarh,0,0,0.0028673239923888605
2020-03-18,Guwahati,0,0,0.06705320730502208
2020-03-19,Chandigarh,0,0,0.0
2020-03-19,Bhopal,0,0,0.0
2020-03-19,Hyderabad,0,0,0.0
2020-03-19,Gurugram,0,0,0.007348898599683316
2020-03-19,Chennai,0,0,0.01679070137008863
2020-03-19,Kolkata,0,0,0.005108111296036088
2020-03-19,Jaipur,0,0,0.0
2020-03-19,Amritsar,0,0,0.0
2020-03-19,Patna,0,0,0.004700072851015509
2020-03-19,Amaravati,0,0,0.0
2020-03-19,Bengaluru,0,0,0.0
2020-03-19,Delhi,0,0,0.009355578932150511
2020-03-19,Visakhapatnam,0,0,0.003007475143334059
2020-03-19,Guwahati,0,0,0.16757568465571324
2020-03-19,Mumbai,0,0,0.01000468139028128
2020-03-20,Amaravati,0,0,0.0
2020-03-20,Kolkata,0,0,0.0
2020-03-20,Bhopal,0,0,0.0025156316396527656
2020-03-20,Guwahati,0,0,0.07323912553564746
2020-03-20,Visakhapatnam,0,0,0.0060902923800317844
2020-03-20,Gurugram,0,0,0.005382955632041626
2020-03-20,Chennai,0,0,0.010052971058022022
2020-03-20,Chandigarh,0,0,0.0
2020-03-20,Hyderabad,0,0,0.0
2020-03-20,Bengaluru,0,0,0.0
2020-03-20,Delhi,0,0,0.014791626578848612
2020-03-20,Patna,0,0,0.007215704490668274
2020-03-20,Mumbai,0,0,0.0
2020-03-20,Jaipur,0,0,0.0032031846333710153
2020-03-20,Amritsar,0,0,0.0
2020-03-21,Visakhapatnam,0,0,0.0015593309627288292
2020-03-21,Delhi,0,0,0.005848964972986099
2020-03-21,Guwahati,0,0,0.08220401123633823
2020-03-21,Patna,0,0,0.1826230665286399
2020-03-21,Amaravati,0,0,0.0
2020-03-21,Jaipur,0,0,0.005370649390322655
2020-03-21,Chennai,0,0,0.010052971058022022
2020-03-21,Kolkata,0,0,0.0025156316396527656
2020-03-21,Chandigarh,0,0,0.0
2020-03-21,Hyderabad,0,0,0.0
2020-03-21,Gurugram,0,0,0.0028673239923888605
2020-03-21,Bengaluru,0,0,0.0
2020-03-21,Bhopal,0,0,0.009077983769093934
2020-03-21,Amritsar,0,0,0.0
2020-03-21,Mumbai,0,0,0.0
2020-03-22,Guwahati,0,0,0.07558129567229022
2020-03-22,Mumbai,0,0,0.0
2020-03-22,Bhopal,0,0,0.0074015319650475985
2020-03-22,Kolkata,0,0,0.002515631639652765
2020-03-22,Gurugram,0,0,0.05194347730742977
2020-03-22,Jaipur,0,0,0.00573464798477772
2020-03-22,Chandigarh,0,0,0.0
2020-03-22,Amritsar,0,0,0.0
2020-03-22,Patna,0,0,0.059999340028687106
2020-03-22,Delhi,0,0,0.005677662847924102
2020-03-22,Visakhapatnam,0,0,0.0
2020-03-22,Bengaluru,0,0,0.0
2020-03-22,Hyderabad,0,0,0.0
2020-03-22,Amaravati,0,0,0.0
2020-03-23,Amritsar,0,0,0.0
2020-03-23,Mumbai,0,0,0.0
2020-03-23,Hyderabad,0,0,0.0
2020-03-23,Delhi,0,0,0.0
2020-03-23,Bhopal,0,0,0.0022407873036472273
2020-03-23,Guwahati,0,0,0.08001067712925317
2020-03-23,Bengaluru,0,0,0.0
2020-03-23,Amaravati,0,0,0.0
2020-03-23,Visakhapatnam,0,0,0.0
2020-03-23,Kolkata,0,0,0.0
2020-03-23,Chandigarh,0,0,0.0
2020-03-23,Gurugram,0,0,0.0021247196052041274
2020-03-23,Patna,0,0,0.02550194061252644
2020-03-23,Jaipur,0,0,0.007975435288424948
2020-03-24,Visakhapatnam,0,0,0.0025156316396527656
2020-03-24,Jaipur,0,0,0.0
2020-03-24,Talcher,0,0,0.011121555659337316
2020-03-24,Patna,0,0,0.02314097841718172
2020-03-24,Mumbai,0,0,0.0
2020-03-24,Guwahati,0,0,0.08895581266065572
2020-03-24,Gurugram,0,0,0.0026228678122725405
2020-03-24,Bhopal,0,0,0.0025156316396527656
2020-03-24,Hyderabad,0,0,0.0
2020-03-24,Delhi,0,0,0.0
2020-03-24,Chandigarh,0,0,0.0
2020-03-24,Bengaluru,0,0,0.0
2020-03-24,Amaravati,0,0,0.0
2020-03-24,Amritsar,0,0,0.0
2020-03-24,Ahmedabad,0,0,0.17320475992601342
2020-03-24,Kolkata,0,0,0.0
2020-03-25,Amritsar,0,0,0.0
2020-03-25,Ahmedabad,0,0,0.15683005704034608
2020-03-25,Gurugram,0,0,0.0
2020-03-25,Visakhapatnam,0,0,0.0
2020-03-25,Jaipur,0,0,0.0022407873036472273
2020-03-25,Guwahati,0,0,0.0648740126726937
2020-03-25,Bhopal,0,0,0.004203271631507786
2020-03-25,Kolkata,0,0,0.00503126327930553
2020-03-25,Amaravati,0,0,0.01167492993245947
2020-03-25,Chandigarh,0,0,0.0
2020-03-25,Delhi,0,0,0.0
2020-03-25,Mumbai,0,0,0.0
2020-03-25,Hyderabad,0,0,0.0
2020-03-25,Bengaluru,0,0,0.0
2020-03-25,Patna,0,0,0.008033406184348845
2020-03-26,Delhi,0,0,0.0
2020-03-26,Mumbai,0,0,0.0
2020-03-26,Kolkata,0,0,0.0
2020-03-26,Jaipur,0,0,0.0
2020-03-26,Bengaluru,0,0,0.0
2020-03-26,Visakhapatnam,0,0,0.0
2020-03-26,Patna,0,0,0.004700072851015509
2020-03-26,Chennai,0,0,0.011801914857987957
2020-03-26,Gurugram,0,0,0.0
2020-03-26,Chandigarh,0,0,0.0
2020-03-26,Amritsar,0,0,0.0
2020-03-26,Hyderabad,0,0,0.0
2020-03-26,Amaravati,0,0,0.009550210327255343
2020-03-26,Ahmedabad,0,1,0.2480775465796189
2020-03-26,Bhopal,0,0,0.0034414582705732306
2020-03-26,Guwahati,0,0,0.04083416564945088
2020-03-27,Chandigarh,0,0,0.0
2020-03-27,Bengaluru,0,0,0.0
2020-03-27,Mumbai,0,0,0.0
2020-03-27,Visakhapatnam,0,0,0.0
2020-03-27,Guwahati,0,1,0.3969543327215679
2020-03-27,Bhopal,0,0,0.0
2020-03-27,Jaipur,0,0,0.0
2020-03-27,Kolkata,0,0,0.0
2020-03-27,Patna,0,0,0.004700072851015509
2020-03-27,Amritsar,0,0,0.0
2020-03-27,Hyderabad,0,0,0.0
2020-03-27,Amaravati,0,0,0.0025156316396527656
2020-03-27,Ahmedabad,0,1,0.24270907423942248
2020-03-27,Chennai,0,0,0.011801914857987957
2020-03-27,Gurugram,0,0,0.0
2020-03-27,Delhi,0,0,0.0
2020-03-28,Bengaluru,0,0,0.0
2020-03-28,Gurugram,0,0,0.0
2020-03-28,Delhi,0,0,0.0
2020-03-28,Kolkata,0,0,0.0
2020-03-28,Chennai,0,0,0.011801914857987957
2020-03-28,Chandigarh,0,0,0.0
2020-03-28,Amaravati,0,0,0.0025156316396527656
2020-03-28,Hyderabad,0,0,0.0
2020-03-28,Amritsar,0,0,0.0
2020-03-28,Jaipur,0,0,0.0
2020-03-28,Bhopal,0,0,0.0028673239923888605
2020-03-28,Patna,0,0,0.004700072851015509
2020-03-28,Mumbai,0,0,0.0
2020-03-28,Ahmedabad,0,1,0.20721577343287748
2020-03-28,Visakhapatnam,0,0,0.0
2020-03-28,Guwahati,0,1,0.30562497787288
2020-03-29,Chandigarh,0,0,0.0067189032711605515
2020-03-29,Patna,0,0,0.004700072851015509
2020-03-29,Jaipur,0,0,0.0
2020-03-29,Gurugram,0,0,0.0
2020-03-29,Amaravati,0,0,0.002515631639652765
2020-03-29,Delhi,0,0,0.0
2020-03-29,Hyderabad,0,0,0.0
2020-03-29,Chennai,0,0,0.08878145353165913
2020-03-29,Amritsar,0,0,0.0
2020-03-29,Ahmedabad,0,0,0.19021483235832373
2020-03-29,Kolkata,0,0,0.0
2020-03-29,Mumbai,0,0,0.0
2020-03-29,Guwahati,0,0,0.06545927744681528
2020-03-29,Bengaluru,0,0,0.0
2020-03-29,Visakhapatnam,0,0,0.0
2020-03-30,Amritsar,0,0,0.0
2020-03-30,Hyderabad,0,0,0.0
2020-03-30,Jaipur,0,0,0.0
2020-03-30,Ahmedabad,0,0,0.13934389113967016
2020-03-30,Mumbai,0,0,0.0
2020-03-30,Patna,0,0,0.008033406184348845
2020-03-30,Gurugram,0,0,0.0
2020-03-30,Kolkata,0,0,0.0
2020-03-30,Amaravati,0,0,0.0
2020-03-30,Visakhapatnam,0,0,0.0
2020-03-30,Guwahati,0,0,0.09112096731714435
2020-03-30,Delhi,0,0,0.0
2020-03-30,Bengaluru,0,0,0.0
2020-03-30,Chennai,0,0,0.024004583495578113
2020-03-30,Chandigarh,0,0,0.0
2020-03-31,Amaravati,0,0,0.0
2020-03-31,Hyderabad,0,0,0.0
2020-03-31,Ahmedabad,0,0,0.16440409734311495
2020-03-31,Visakhapatnam,0,0,0.0
2020-03-31,Guwahati,1,1,0.23000858321577464
2020-03-31,Jaipur,0,0,0.0
2020-03-31,Mumbai,0,0,0.0
2020-03-31,Patna,0,0,0.010053490029527745
2020-03-31,Delhi,0,0,0.0
2020-03-31,Kolkata,0,0,0.0
2020-03-31,Chandigarh,0,0,0.0
2020-03-31,Chennai,0,0,0.005918703387873635
2020-03-31,Bengaluru,0,0,0.0
2020-03-31,Amritsar,0,0,0.02450401380941318
2020-03-31,Gurugram,0,0,0.0
2020-04-01,Chennai,0,0,0.02885518664239648
2020-04-01,Delhi,0,0,0.0
2020-04-01,Visakhapatnam,0,0,0.0
2020-04-01,Bengaluru,0,0,0.0
2020-04-01,Hyderabad,0,0,0.0
2020-04-01,Patna,0,0,0.03221267426541038
2020-04-01,Chandigarh,0,0,0.0
2020-04-01,Mumbai,0,0,0.0
2020-04-01,Amritsar,0,0,0.027019645449065946
2020-04-01,Amaravati,0,0,0.0
2020-04-01,Jaipur,0,0,0.0
2020-04-01,Kolkata,0,0,0.0
2020-04-01,Ahmedabad,0,0,0.16500504327019197
2020-04-01,Gurugram,0,0,0.0
2020-04-01,Guwahati,1,1,0.29347494257808415
2020-04-02,Jaipur,0,0,0.0
2020-04-02,Visakhapatnam,0,0,0.0
2020-04-02,Bengaluru,0,0,0.0
2020-04-02,Ahmedabad,0,0,0.17178500367549612
2020-04-02,Chandigarh,0,0,0.0
2020-04-02,Hyderabad,0,0,0.0
2020-04-02,Amritsar,0,0,0.027019645449065946
2020-04-02,Guwahati,0,1,0.5979524173472258
2020-04-02,Gurugram,0,0,0.0
2020-04-02,Delhi,0,0,0.0
2020-04-02,Patna,0,0,0.004700072851015509
2020-04-02,Kolkata,0,0,0.0
2020-04-02,Mumbai,0,0,0.0
2020-04-02,Chennai,0,0,0.06789938071174487
2020-04-03,Patna,0,0,0.004700072851015509
2020-04-03,Hyderabad,0,0,0.0
2020-04-03,Chandigarh,0,0,0.0
2020-04-03,Visakhapatnam,0,0,0.0
2020-04-03,Kolkata,0,0,0.0
2020-04-03,Chennai,0,0,0.018638044386346583
2020-04-03,Mumbai,0,0,0.0
2020-04-03,Amritsar,0,0,0.027019645449065946
2020-04-03,Bengaluru,0,0,0.0
2020-04-03,Guwahati,0,1,0.332240156081387
2020-04-03,Jaipur,0,0,0.0
2020-04-03,Delhi,0,0,0.0
2020-04-03,Ahmedabad,0,0,0.1831688727959463
2020-04-03,Gurugram,0,0,0.0
2020-04-04,Jaipur,0,0,0.0
2020-04-04,Delhi,0,0,0.0
2020-04-04,Guwahati,0,0,0.10072852290449098
2020-04-04,Patna,0,0,0.004700072851015509
2020-04-04,Chennai,0,0,0.18915081416180654
2020-04-04,Hyderabad,0,0,0.0
2020-04-04,Chandigarh,0,0,0.0
2020-04-04,Bengaluru,0,0,0.0
2020-04-04,Visakhapatnam,0,0,0.0
2020-04-04,Amritsar,0,0,0.02988696944145481
2020-04-04,Ahmedabad,0,0,0.18549257159744367
2020-04-04,Mumbai,0,0,0.0
2020-04-04,Gurugram,0,0,0.0
2020-04-04,Kolkata,0,0,0.0
2020-04-05,Guwahati,0,0,0.054220074216266546
2020-04-05,Mumbai,0,0,0.0
2020-04-05,Visakhapatnam,0,0,0.0
2020-04-05,Jaipur,0,0,0.0
2020-04-05,Chandigarh,0,0,0.0
2020-04-05,Delhi,0,0,0.0
2020-04-05,Gurugram,0,0,0.0
2020-04-05,Chennai,0,0,0.09897640316505328
2020-04-05,Amritsar,0,0,0.02988696944145481
2020-04-05,Ahmedabad,0,0,0.1277691101119938
2020-04-05,Patna,0,0,0.004700072851015509
2020-04-05,Bengaluru,0,0,0.0
2020-04-05,Kolkata,0,0,0.0
2020-04-05,Hyderabad,0,0,0.0
2020-04-06,Delhi,0,0,0.0
2020-04-06,Patna,0,0,0.008033406184348845
2020-04-06,Gurugram,0,0,0.0
2020-04-06,Chandigarh,0,0,0.0
2020-04-06,Ahmedabad,0,0,0.11794463664096938
2020-04-06,Mumbai,0,0,0.0
2020-04-06,Hyderabad,0,0,0.0
2020-04-06,Visakhapatnam,0,0,0.0
2020-04-06,Jaipur,0,0,0.0
2020-04-06,Chennai,0,0,0.0969728747098031
2020-04-06,Bengaluru,0,0,0.0
2020-04-06,Kolkata,0,0,0.0
2020-04-06,Guwahati,0,0,0.012108368786730437
2020-04-07,Chandigarh,0,0,0.0
2020-04-07,Visakhapatnam,0,0,0.0
2020-04-07,Gurugram,0,0,0.0
2020-04-07,Guwahati,0,0,0.10365872441927723
2020-04-07,Hyderabad,0,0,0.0
2020-04-07,Patna,0,0,0.008033406184348845
2020-04-07,Chennai,0,0,0.004756418943299992
2020-04-07,Jaipur,0,0,0.0
2020-04-07,Bengaluru,0,0,0.0
2020-04-07,Delhi,0,0,0.0
2020-04-07,Mumbai,0,0,0.0
2020-04-07,Kolkata,0,0,0.0
2020-04-07,Ahmedabad,0,0,0.16399750382608985
2020-04-08,Ahmedabad,0,0,0.16178695227466444
2020-04-08,Jaipur,0,0,0.0
2020-04-08,Kolkata,0,0,0.0
2020-04-08,Chandigarh,0,0,0.0
2020-04-08,Delhi,0,0,0.0
2020-04-08,Bengaluru,0,0,0.0
2020-04-08,Visakhapatnam,0,0,0.0
2020-04-08,Guwahati,0,0,0.045513830787087366
2020-04-08,Hyderabad,0,0,0.0
2020-04-08,Gurugram,0,0,0.0
2020-04-08,Mumbai,0,0,0.0
2020-04-08,Chennai,0,1,0.20278059518478675
2020-04-08,Patna,0,0,0.011116223421046569
2020-04-09,Delhi,0,0,0.0
2020-04-09,Bengaluru,0,0,0.0
2020-04-09,Chennai,0,0,0.1018886496504792
2020-04-09,Mumbai,0,0,0.0
2020-04-09,Hyderabad,0,0,0.0015593309627288292
2020-04-09,Guwahati,0,0,0.03489254001282884
2020-04-09,Visakhapatnam,0,0,0.0015593309627288292
2020-04-09,Ahmedabad,0,0,0.15525210803448303
2020-04-09,Gurugram,0,0,0.0
2020-04-09,Kolkata,0,0,0.0
2020-04-09,Chandigarh,0,0,0.0
2020-04-09,Jaipur,0,0,0.0
2020-04-09,Patna,0,0,0.004700072851015509
2020-04-10,Bengaluru,0,0,0.0
2020-04-10,Jaipur,0,0,0.0
2020-04-10,Mumbai,0,0,0.0
2020-04-10,Kolkata,0,0,0.0
2020-04-10,Gurugram,0,0,0.004887407837567763
2020-04-10,Chandigarh,0,0,0.0
2020-04-10,Guwahati,0,0,0.02132960175380234
2020-04-10,Hyderabad,0,0,0.0
2020-04-10,Patna,0,0,0.0069408601546627376
2020-04-10,Visakhapatnam,0,0,0.0
2020-04-10,Delhi,0,0,0.0
2020-04-10,Ahmedabad,0,0,0.16777296930551044
2020-04-11,Bhopal,0,0,0.0025156316396527656
2020-04-11,Chandigarh,0,0,0.0
2020-04-11,Kolkata,0,0,0.0
2020-04-11,Ahmedabad,0,0,0.1158945184759257
2020-04-11,Bengaluru,0,0,0.0
2020-04-11,Guwahati,0,0,0.03966450751858244
2020-04-11,Hyderabad,0,0,0.0
2020-04-11,Visakhapatnam,0,0,0.0
2020-04-11,Delhi,0,0,0.0
2020-04-11,Mumbai,0,0,0.0
2020-04-11,Gurugram,0,0,0.0
2020-04-11,Patna,0,0,0.009767425810588067
2020-04-11,Jaipur,0,0,0.0
2020-04-12,Hyderabad,0,0,0.0
2020-04-12,Patna,0,0,0.007215704490668276
2020-04-12,Ahmedabad,0,0,0.06972346070948199
2020-04-12,Guwahati,0,0,0.022592032699571687
2020-04-12,Jaipur,0,0,0.0
2020-04-12,Bengaluru,0,0,0.0
2020-04-12,Gurugram,0,0,0.0
2020-04-12,Chandigarh,0,0,0.0
2020-04-12,Kolkata,0,0,0.0020200838451789023
2020-04-12,Mumbai,0,0,0.0
2020-04-12,Delhi,0,0,0.0
2020-04-12,Bhopal,0,0,0.0
2020-04-12,Visakhapatnam,0,0,0.0
2020-04-13,Bhopal,0,0,0.0025156316396527656
2020-04-13,Delhi,0,0,0.0
2020-04-13,Chandigarh,0,0,0.0
2020-04-13,Hyderabad,0,0,0.0
2020-04-13,Gurugram,0,0,0.011938754962052194
2020-04-13,Ahmedabad,0,0,0.05458141641915013
2020-04-13,Amaravati,0,0,0.0
2020-04-13,Patna,0,0,0.008033406184348845
2020-04-13,Mumbai,0,0,0.0
2020-04-13,Kolkata,0,0,0.0
2020-04-13,Bengaluru,0,0,0.0
2020-04-13,Guwahati,0,0,0.027799451766663878
2020-04-13,Jaipur,0,0,0.0
2020-04-13,Visakhapatnam,0,0,0.0
2020-04-14,Chandigarh,0,0,0.0
2020-04-14,Guwahati,0,0,0.07260224601640014
2020-04-14,Delhi,0,0,0.0
2020-04-14,Bengaluru,0,0,0.0
2020-04-14,Hyderabad,0,0,0.0
2020-04-14,Ahmedabad,0,0,0.051964608523396884
2020-04-14,Mumbai,0,0,0.0
2020-04-14,Patna,0,0,0.008033406184348845
2020-04-14,Visakhapatnam,0,0,0.0
2020-04-14,Kolkata,0,0,0.0
2020-04-14,Jaipur,0,0,0.0
2020-04-14,Bhopal,0,0,0.0025156316396527656
2020-04-14,Gurugram,0,0,0.0025156316396527656
2020-04-14,Amaravati,0,0,0.0
2020-04-15,Bhopal,0,0,0.0
2020-04-15,Bengaluru,0,0,0.0
2020-04-15,Delhi,0,0,0.009674141810000725
2020-04-15,Ahmedabad,0,0,0.05458141641915013
2020-04-15,Hyderabad,0,0,0.0
2020-04-15,Guwahati,0,0,0.0650615797852392
2020-04-15,Gurugram,0,0,0.007546894918958297
2020-04-15,Kolkata,0,0,0.0
2020-04-15,Amaravati,0,0,0.0
2020-04-15,Patna,0,0,0.008033406184348845
2020-04-15,Amritsar,0,0,0.0
2020-04-15,Mumbai,0,0,0.0
2020-04-15,Visakhapatnam,0,0,0.0
2020-04-15,Jaipur,0,0,0.0
2020-04-15,Chandigarh,0,0,0.0
2020-04-16,Guwahati,0,0,0.012445505770691256
2020-04-16,Delhi,0,0,0.0018389580421132045
2020-04-16,Amaravati,0,0,0.0
2020-04-16,Gurugram,0,0,0.0
2020-04-16,Jaipur,0,0,0.0
2020-04-16,Kolkata,0,0,0.0
2020-04-16,Bengaluru,0,0,0.0
2020-04-16,Ahmedabad,0,0,0.05565992416358348
2020-04-16,Hyderabad,0,0,0.0
2020-04-16,Mumbai,0,0,0.0
2020-04-16,Patna,0,0,0.007215704490668274
2020-04-16,Amritsar,0,0,0.0
2020-04-16,Bhopal,0,0,0.005031263279305531
2020-04-16,Visakhapatnam,0,0,0.0
2020-04-16,Chandigarh,0,0,0.0
2020-04-17,Mumbai,0,0,0.0
2020-04-17,Hyderabad,0,0,0.0
2020-04-17,Patna,0,0,0.004700072851015509
2020-04-17,Delhi,0,0,0.0025156316396527656
2020-04-17,Bengaluru,0,0,0.0
2020-04-17,Gurugram,0,0,0.0026799890058366075
2020-04-17,Jaipur,0,0,0.008354124041867847
2020-04-17,Ahmedabad,0,0,0.05351868302763131
2020-04-17,Kolkata,0,0,0.0
2020-04-17,Amaravati,0,0,0.0
2020-04-17,Amritsar,0,0,0.0
2020-04-17,Guwahati,0,0,0.02395252110489117
2020-04-17,Visakhapatnam,0,0,0.0
2020-04-17,Bhopal,0,0,0.005382955632041626
2020-04-18,Bengaluru,0,0,0.0
2020-04-18,Amritsar,0,0,0.0
2020-04-18,Patna,0,0,0.004700072851015509
2020-04-18,Jaipur,0,0,0.0
2020-04-18,Hyderabad,0,0,0.0
2020-04-18,Bhopal,0,0,0.0025156316396527656
2020-04-18,Mumbai,0,0,0.0
2020-04-18,Visakhapatnam,0,0,0.0
2020-04-18,Ahmedabad,0,0,0.0650474257600946
2020-04-18,Kolkata,0,0,0.0
2020-04-18,Delhi,0,0,0.007893375468728892
2020-04-18,Gurugram,0,0,0.0
2020-04-18,Guwahati,0,0,0.018127976089183276
2020-04-19,Patna,0,0,0.004700072851015509
2020-04-19,Gurugram,0,0,0.0
2020-04-19,Bhopal,0,0,0.0025156316396527656
2020-04-19,Mumbai,0,0,0.0
2020-04-19,Kolkata,0,0,0.0
2020-04-19,Delhi,0,0,0.0
2020-04-19,Amritsar,0,0,0.0022407873036472273
2020-04-19,Guwahati,0,0,0.0038590418872921067
2020-04-19,Hyderabad,0,0,0.0
2020-04-19,Visakhapatnam,0,0,0.0
2020-04-19,Ahmedabad,0,0,0.061929585671070125
2020-04-19,Jaipur,0,0,0.0
2020-04-19,Bengaluru,0,0,0.0
2020-04-20,Hyderabad,0,0,0.0
2020-04-20,Gurugram,0,0,0.004079745345760431
2020-04-20,Bhopal,0,0,0.01037420788704675
2020-04-20,Mumbai,0,0,0.0
2020-04-20,Jaipur,0,0,0.0025156316396527656
2020-04-20,Kolkata,0,0,0.0
2020-04-20,Bengaluru,0,0,0.0
2020-04-20,Delhi,0,0,0.0032031846333710153
2020-04-20,Visakhapatnam,0,0,0.0
2020-04-20,Patna,0,0,0.008033406184348845
2020-04-20,Amritsar,0,0,0.029260432752713172
2020-04-20,Guwahati,0,0,0.0
2020-04-20,Ahmedabad,0,0,0.05741769002440002
2020-04-21,Visakhapatnam,0,0,0.0
2020-04-21,Guwahati,0,0,0.0
2020-04-21,Kolkata,0,0,0.0
2020-04-21,Chandigarh,0,0,0.0
2020-04-21,Ahmedabad,0,0,0.05035665181935997
2020-04-21,Mumbai,0,0,0.0
2020-04-21,Amritsar,0,0,0.029260432752713172
2020-04-21,Bhopal,0,0,0.0
2020-04-21,Hyderabad,0,0,0.0
2020-04-21,Bengaluru,0,0,0.0
2020-04-21,Jaipur,0,0,0.0
2020-04-21,Patna,0,0,0.008033406184348845
2020-04-21,Delhi,0,0,0.0
2020-04-21,Gurugram,0,0,0.0
2020-04-22,Hyderabad,0,0,0.0
2020-04-22,Ahmedabad,0,0,0.05603431466728407
2020-04-22,Chandigarh,0,0,0.0
2020-04-22,Delhi,0,0,0.005486800049478987
2020-04-22,Bengaluru,0,0,0.0
2020-04-22,Guwahati,0,0,0.0
2020-04-22,Bhopal,0,0,0.004756418943299993
2020-04-22,Jaipur,0,0,0.0
2020-04-22,Amritsar,0,0,0.02388978336239052
2020-04-22,Patna,0,0,0.008033406184348845
2020-04-22,Mumbai,0,0,0.0
2020-04-22,Gurugram,0,0,0.0028673239923888605
2020-04-22,Kolkata,0,0,0.0
2020-04-22,Visakhapatnam,0,0,0.0
2020-04-23,Hyderabad,0,0,0.0
2020-04-23,Ahmedabad,0,0,0.05010613572272437
2020-04-23,Chandigarh,0,0,0.0
2020-04-23,Jaipur,0,0,0.0
2020-04-23,Amritsar,0,0,0.027019645449065946
2020-04-23,Delhi,0,0,0.0
2020-04-23,Bhopal,0,0,0.005382955632041626
2020-04-23,Mumbai,0,0,0.0
2020-04-23,Kolkata,0,0,0.0
2020-04-23,Gurugram,0,0,0.0
2020-04-23,Bengaluru,0,0,0.0
2020-04-23,Patna,0,0,0.004700072851015509
2020-04-23,Visakhapatnam,0,0,0.0026799890058366075
2020-04-23,Guwahati,0,0,0.0
2020-04-24,Bhopal,0,0,0.010491066928077714
2020-04-24,Jaipur,0,0,0.0
2020-04-24,Patna,0,0,0.004700072851015509
2020-04-24,Gurugram,0,0,0.0
2020-04-24,Chandigarh,0,0,0.0
2020-04-24,Hyderabad,0,0,0.0
2020-04-24,Amritsar,0,0,0.027019645449065946
2020-04-24,Guwahati,0,0,0.0
2020-04-24,Mumbai,0,0,0.0
2020-04-24,Delhi,0,0,0.0
2020-04-24,Ahmedabad,0,0,0.04320412843877506
2020-04-24,Kolkata,0,0,0.0
2020-04-24,Bengaluru,0,0,0.0
2020-04-25,Chandigarh,0,0,0.0
2020-04-25,Amritsar,0,0,0.03304900064972615
2020-04-25,Jaipur,0,0,0.0
2020-04-25,Delhi,0,0,0.0
2020-04-25,Kolkata,0,0,0.0
2020-04-25,Hyderabad,0,0,0.0
2020-04-25,Patna,0,0,0.004700072851015509
2020-04-25,Ahmedabad,0,0,0.054502202447576524
2020-04-25,Mumbai,0,0,0.0
2020-04-25,Guwahati,0,0,0.0
2020-04-25,Bhopal,0,0,0.005382955632041626
2020-04-25,Bengaluru,0,0,0.0
2020-04-25,Gurugram,0,0,0.0
2020-04-26,Ahmedabad,0,0,0.053439469056057703
2020-04-26,Bengaluru,0,0,0.0
2020-04-26,Amritsar,0,0,0.033081169771322055
2020-04-26,Gurugram,0,0,0.010348949953319893
2020-04-26,Patna,0,0,0.004700072851015509
2020-04-26,Mumbai,0,0,0.0
2020-04-26,Guwahati,0,0,0.0022407873036472273
2020-04-26,Chandigarh,0,0,0.0
2020-04-26,Jaipur,0,0,0.0
2020-04-26,Hyderabad,0,0,0.0
2020-04-26,Delhi,0,0,0.0
2020-04-26,Kolkata,0,0,0.0
2020-04-26,Bhopal,0,0,0.004535715484831668
2020-04-27,Mumbai,0,0,0.0
2020-04-27,Chandigarh,0,0,0.0
2020-04-27,Bhopal,0,0,0.0025156316396527656
2020-04-27,Kolkata,0,0,0.0
2020-04-27,Hyderabad,0,0,0.0
2020-04-27,Bengaluru,0,0,0.0
2020-04-27,Patna,0,0,0.008033406184348845
2020-04-27,Ahmedabad,0,0,0.05351868302763131
2020-04-27,Jaipur,0,0,0.0
2020-04-27,Delhi,0,0,0.0
2020-04-27,Guwahati,0,0,0.0022407873036472273
2020-04-27,Gurugram,0,0,0.0009258266309204647
2020-04-27,Amritsar,0,0,0.0
2020-04-28,Ahmedabad,0,0,0.05079151018618765
2020-04-28,Delhi,0,0,0.0
2020-04-28,Mumbai,0,0,0.0
2020-04-28,Bhopal,0,0,0.0009258266309204647
2020-04-28,Kolkata,0,0,0.0
2020-04-28,Chandigarh,0,0,0.0
2020-04-28,Gurugram,0,0,0.0
2020-04-28,Patna,0,0,0.008033406184348845
2020-04-28,Jaipur,0,0,0.0
2020-04-28,Guwahati,0,0,0.0
2020-04-28,Hyderabad,0,0,0.0
2020-04-28,Bengaluru,0,0,0.0
2020-04-28,Amritsar,0,0,0.0
2020-04-29,Patna,0,0,0.008033406184348845
2020-04-29,Guwahati,0,0,0.0
2020-04-29,Mumbai,0,0,0.0
2020-04-29,Delhi,0,0,0.0
2020-04-29,Bhopal,0,0,0.07611027383920749
2020-04-29,Bengaluru,0,0,0.0
2020-04-29,Chandigarh,0,0,0.0
2020-04-29,Gurugram,0,0,0.017621000536272656
2020-04-29,Hyderabad,0,0,0.0
2020-04-29,Kolkata,0,0,0.0
2020-04-29,Ahmedabad,0,0,0.0471591284425174
2020-04-29,Amritsar,0,0,0.0
2020-04-29,Jaipur,0,0,0.0
2020-04-30,Amritsar,0,0,0.03018167665733729
2020-04-30,Chandigarh,0,0,0.0
2020-04-30,Ahmedabad,0,0,0.04740964453915301
2020-04-30,Jaipur,0,0,0.07338337608364512
2020-04-30,Patna,0,0,0.004700072851015509
2020-04-30,Delhi,0,0,0.0
2020-04-30,Visakhapatnam,0,0,0.0
2020-04-30,Guwahati,0,0,0.0
2020-04-30,Hyderabad,0,0,0.0
2020-04-30,Mumbai,0,0,0.0
2020-04-30,Gurugram,0,0,0.0009258266309204647
2020-04-30,Bengaluru,0,0,0.0
2020-04-30,Bhopal,0,0,0.022074632175818884
2020-04-30,Kolkata,0,0,0.0
2020-05-01,Visakhapatnam,0,0,0.0
2020-05-01,Jaipur,0,0,0.014120191174002749
2020-05-01,Chandigarh,0,0,0.0
2020-05-01,Ahmedabad,0,0,0.04963056896292329
2020-05-01,Guwahati,0,0,0.0
2020-05-01,Bengaluru,0,0,0.0
2020-05-01,Kolkata,0,0,0.0
2020-05-01,Patna,0,0,0.004700072851015509
2020-05-01,Delhi,0,0,0.0
2020-05-01,Bhopal,0,0,0.016581079058311476
2020-05-01,Hyderabad,0,0,0.0
2020-05-01,Amritsar,0,0,0.03018167665733729
2020-05-01,Gurugram,0,0,0.0
2020-05-01,Mumbai,0,0,0.0
2020-05-02,Mumbai,0,0,0.0
2020-05-02,Ahmedabad,0,0,0.05863398897517821
2020-05-02,Bhopal,0,0,0.0
2020-05-02,Hyderabad,0,0,0.0
2020-05-02,Chandigarh,0,0,0.0
2020-05-02,Patna,0,0,0.004700072851015509
2020-05-02,Guwahati,0,0,0.0
2020-05-02,Kolkata,0,0,0.0
2020-05-02,Jaipur,0,0,0.02369537899983145
2020-05-02,Amritsar,0,0,0.03591632464211501
2020-05-02,Bengaluru,0,0,0.0
2020-05-02,Gurugram,0,0,0.0
2020-05-02,Delhi,0,0,0.0
2020-05-02,Visakhapatnam,0,0,0.0
2020-05-03,Kolkata,0,0,0.0
2020-05-03,Mumbai,0,0,0.0
2020-05-03,Gurugram,0,0,0.0025156316396527656
2020-05-03,Bhopal,0,0,0.0020200838451789023
2020-05-03,Ahmedabad,0,0,0.05667162613329055
2020-05-03,Visakhapatnam,0,0,0.0
2020-05-03,Patna,0,0,0.007782890087713235
2020-05-03,Amritsar,0,0,0.0
2020-05-03,Chandigarh,0,0,0.0
2020-05-03,Jaipur,0,0,0.0
2020-05-03,Delhi,0,0,0.0
2020-05-03,Hyderabad,0,0,0.0
2020-05-03,Bengaluru,0,0,0.0
2020-05-03,Guwahati,0,0,0.0
2020-05-04,Jaipur,0,0,0.0
2020-05-04,Amritsar,0,0,0.0
2020-05-04,Ahmedabad,0,0,0.05603431466728407
2020-05-04,Gurugram,0,0,0.0034414582705732306
2020-05-04,Bhopal,0,0,0.006070508625759876
2020-05-04,Patna,0,0,0.008033406184348845
2020-05-04,Chandigarh,0,0,0.0
2020-05-04,Bengaluru,0,0,0.0
2020-05-04,Kolkata,0,0,0.0
2020-05-04,Delhi,0,0,0.0
2020-05-04,Visakhapatnam,0,0,0.0
2020-05-04,Mumbai,0,0,0.0
2020-05-04,Guwahati,0,0,0.0
2020-05-04,Hyderabad,0,0,0.0
2020-05-05,Patna,0,0,0.008033406184348845
2020-05-05,Bengaluru,0,0,0.0
2020-05-05,Guwahati,0,0,0.0
2020-05-05,Amritsar,0,0,0.0
2020-05-05,Mumbai,0,0,0.0
2020-05-05,Visakhapatnam,0,0,0.0026799890058366075
2020-05-05,Delhi,0,0,0.003007475143334059
2020-05-05,Kolkata,0,0,0.0
2020-05-05,Hyderabad,0,0,0.0
2020-05-05,Chandigarh,0,0,0.0
2020-05-05,Gurugram,0,0,0.026007810257929923
2020-05-05,Bhopal,0,0,0.0
2020-05-05,Jaipur,0,0,0.0
2020-05-05,Ahmedabad,0,0,0.07605627724285695
2020-05-06,Bhopal,0,0,0.010083028483057137
2020-05-06,Kolkata,0,0,0.0
2020-05-06,Visakhapatnam,0,0,0.0
2020-05-06,Patna,0,0,0.01054903782400161
2020-05-06,Jaipur,0,0,0.0
2020-05-06,Chandigarh,0,0,0.0
2020-05-06,Hyderabad,0,0,0.0
2020-05-06,Amritsar,0,0,0.03018167665733729
2020-05-06,Bengaluru,0,0,0.0
2020-05-06,Gurugram,0,0,0.01587576102709929
2020-05-06,Guwahati,0,0,0.0
2020-05-06,Mumbai,0,0,0.0
2020-05-06,Delhi,0,0,0.003007475143334059
2020-05-07,Gurugram,0,0,0.0
2020-05-07,Amritsar,0,0,0.0
2020-05-07,Jaipur,0,0,0.0
2020-05-07,Kolkata,0,0,0.0
2020-05-07,Visakhapatnam,0,0,0.0
2020-05-07,Delhi,0,0,0.0
2020-05-07,Chandigarh,0,0,0.0
2020-05-07,Hyderabad,0,0,0.0
2020-05-07,Patna,0,0,0.004700072851015509
2020-05-07,Mumbai,0,0,0.0
2020-05-07,Bengaluru,0,0,0.0026799890058366075
2020-05-07,Bhopal,0,0,0.0025156316396527656
2020-05-07,Guwahati,0,0,0.0
2020-05-08,Jaipur,0,0,0.0086154608305921
2020-05-08,Bhopal,0,0,0.005382955632041626
2020-05-08,Amritsar,0,0,0.0
2020-05-08,Kolkata,0,0,0.0
2020-05-08,Hyderabad,0,0,0.0
2020-05-08,Mumbai,0,0,0.0
2020-05-08,Chandigarh,0,0,0.0
2020-05-08,Gurugram,0,0,0.007975435288424948
2020-05-08,Bengaluru,0,0,0.0026799890058366075
2020-05-08,Delhi,0,0,0.008845623479232059
2020-05-08,Patna,0,0,0.007070341536757578
2020-05-08,Guwahati,0,0,0.0
2020-05-08,Visakhapatnam,0,0,0.0
2020-05-09,Gurugram,0,0,0.0
2020-05-09,Bengaluru,0,0,0.0026799890058366075
2020-05-09,Hyderabad,0,0,0.0
2020-05-09,Kolkata,0,0,0.0
2020-05-09,Guwahati,0,0,0.0
2020-05-09,Jaipur,0,0,0.0
2020-05-09,Delhi,0,0,0.0
2020-05-09,Visakhapatnam,0,0,0.0
2020-05-09,Mumbai,0,0,0.0
2020-05-09,Amritsar,0,0,0.0
2020-05-09,Bhopal,0,0,0.0022407873036472273
2020-05-09,Chandigarh,0,0,0.0
2020-05-09,Patna,0,0,0.0179464337181649
2020-05-10,Mumbai,0,0,0.0
2020-05-10,Visakhapatnam,0,0,0.0
2020-05-10,Bhopal,0,0,0.002945910476099367
2020-05-10,Chandigarh,0,0,0.0
2020-05-10,Kolkata,0,0,0.0
2020-05-10,Guwahati,0,0,0.0
2020-05-10,Delhi,0,0,0.0026799890058366075
2020-05-10,Gurugram,0,0,0.0
2020-05-10,Amritsar,0,0,0.027371337801802044
2020-05-10,Jaipur,0,0,0.0
2020-05-10,Patna,0,0,0.04038072507292959
2020-05-10,Hyderabad,0,0,0.0
2020-05-10,Bengaluru,0,0,0.0
2020-05-11,Guwahati,0,0,0.0
2020-05-11,Gurugram,0,0,0.0
2020-05-11,Patna,0,0,0.05385408054341435
2020-05-11,Jaipur,0,0,0.0
2020-05-11,Bengaluru,0,0,0.0
2020-05-11,Mumbai,0,0,0.0
2020-05-11,Kolkata,0,0,0.0
2020-05-11,Delhi,0,0,0.0025156316396527656
2020-05-11,Hyderabad,0,0,0.0
2020-05-11,Chandigarh,0,0,0.0
2020-05-11,Bhopal,0,0,0.0009258266309204647
2020-05-11,Visakhapatnam,0,0,0.0
2020-05-11,Amritsar,0,0,0.027666045017684517
2020-05-12,Bengaluru,0,0,0.0
2020-05-12,Gurugram,0,0,0.0025156316396527656
2020-05-12,Kolkata,0,0,0.0
2020-05-12,Patna,0,0,0.02172336982676117
2020-05-12,Amritsar,0,0,0.03018167665733729
2020-05-12,Visakhapatnam,0,0,0.0
2020-05-12,Delhi,0,0,0.0025156316396527656
2020-05-12,Chandigarh,0,0,0.0
2020-05-12,Guwahati,0,0,0.0
2020-05-12,Hyderabad,0,0,0.0
2020-05-12,Jaipur,0,0,0.004481574607294455
2020-05-12,Mumbai,0,0,0.0
2020-05-12,Talcher,0,0,0.010981404508392118
2020-05-12,Bhopal,0,0,0.004354589681765969
2020-05-13,Kolkata,0,0,0.0
2020-05-13,Bhopal,0,0,0.0
2020-05-13,Talcher,0,0,0.0026799890058366075
2020-05-13,Bengaluru,0,0,0.0
2020-05-13,Delhi,0,0,0.022742278057725454
2020-05-13,Guwahati,0,0,0.0
2020-05-13,Jaipur,0,0,0.10690563050841208
2020-05-13,Mumbai,0,0,0.0
2020-05-13,Chandigarh,0,0,0.0020200838451789023
2020-05-13,Amritsar,0,0,0.033109937829097734
2020-05-13,Hyderabad,0,0,0.0
2020-05-13,Gurugram,0,0,0.02532862261877733
2020-05-13,Patna,0,0,0.016539030893128713
2020-05-13,Visakhapatnam,0,0,0.0
2020-05-14,Bhopal,0,0,0.005382955632041626
2020-05-14,Delhi,0,0,0.0
2020-05-14,Chandigarh,0,0,0.0
2020-05-14,Gurugram,0,0,0.0015593309627288292
2020-05-14,Visakhapatnam,0,0,0.0
2020-05-14,Guwahati,0,0,0.0
2020-05-14,Mumbai,0,0,0.0
2020-05-14,Amritsar,0,0,0.03018167665733729
2020-05-14,Patna,0,0,0.008033406184348845
2020-05-14,Hyderabad,0,0,0.0
2020-05-14,Jaipur,0,0,0.016059977350898813
2020-05-14,Bengaluru,0,0,0.0
2020-05-14,Talcher,0,0,0.004535715484831668
2020-05-14,Kolkata,0,0,0.0
2020-05-15,Bhopal,0,0,0.007623742935688854
2020-05-15,Kolkata,0,0,0.0
2020-05-15,Amritsar,0,0,0.03018167665733729
2020-05-15,Guwahati,0,0,0.0
2020-05-15,Gurugram,0,0,0.0070513471244844335
2020-05-15,Delhi,0,0,0.0
2020-05-15,Mumbai,0,0,0.0
2020-05-15,Chandigarh,0,0,0.0025156316396527656
2020-05-15,Visakhapatnam,0,0,0.0
2020-05-15,Hyderabad,0,0,0.0
2020-05-15,Bengaluru,0,0,0.0
2020-05-15,Jaipur,0,0,0.06918833678906729
2020-05-15,Patna,0,0,0.004700072851015509
2020-05-15,Talcher,0,0,0.004756418943299992
2020-05-16,Patna,0,0,0.004700072851015509
2020-05-16,Amritsar,0,0,0.03304900064972615
2020-05-16,Guwahati,0,0,0.0
2020-05-16,Jaipur,0,0,0.0022407873036472273
2020-05-16,Mumbai,0,0,0.003007475143334059
2020-05-16,Hyderabad,0,0,0.0
2020-05-16,Bhopal,0,0,0.005382955632041626
2020-05-16,Chandigarh,0,0,0.0
2020-05-16,Gurugram,0,0,0.026792325595461096
2020-05-16,Delhi,0,0,0.019297472904915278
2020-05-16,Bengaluru,0,0,0.0
2020-05-16,Visakhapatnam,0,0,0.0
2020-05-16,Kolkata,0,0,0.0
2020-05-16,Talcher,0,0,0.0
2020-05-17,Gurugram,0,0,0.010384680457817767
2020-05-17,Talcher,0,0,0.0029711684098262213
2020-05-17,Bhopal,0,0,0.010270363469609389
2020-05-17,Chandigarh,0,0,0.0
2020-05-17,Amritsar,0,0,0.03304900064972615
2020-05-17,Jaipur,0,0,0.0
2020-05-17,Patna,0,0,0.13535150611676336
2020-05-17,Hyderabad,0,0,0.0
2020-05-17,Bengaluru,0,0,0.0
2020-05-17,Delhi,0,0,0.037955246516244094
2020-05-17,Mumbai,0,0,0.003007475143334059
2020-05-17,Kolkata,0,0,0.0
2020-05-17,Visakhapatnam,0,0,0.016056997306637052
2020-05-17,Guwahati,0,0,0.0
2020-05-18,Jaipur,0,0,0.0009258266309204647
2020-05-18,Bengaluru,0,0,0.0
2020-05-18,Hyderabad,0,0,0.0
2020-05-18,Guwahati,0,0,0.004535715484831668
2020-05-18,Kolkata,0,0,0.0
2020-05-18,Amritsar,0,0,0.03334370786560863
2020-05-18,Patna,0,0,0.07136332314390142
2020-05-18,Delhi,0,0,0.05390472197271663
2020-05-18,Gurugram,0,0,0.010401912669628186
2020-05-18,Mumbai,0,0,0.0
2020-05-18,Bhopal,0,0,0.0
2020-05-18,Visakhapatnam,0,0,0.004203271631507786
2020-05-18,Chandigarh,0,0,0.0
2020-05-19,Mumbai,0,0,0.003007475143334059
2020-05-19,Bengaluru,0,0,0.0
2020-05-19,Kolkata,0,0,0.0
2020-05-19,Visakhapatnam,0,0,0.004203271631507786
2020-05-19,Delhi,0,0,0.09552351900908895
2020-05-19,Patna,0,0,0.03672826060619254
2020-05-19,Hyderabad,0,0,0.0
2020-05-19,Jaipur,0,0,0.0022407873036472273
2020-05-19,Guwahati,0,0,0.004756418943299993
2020-05-19,Gurugram,0,0,0.02368345557336421
2020-05-19,Bhopal,0,0,0.0
2020-05-19,Amritsar,0,0,0.0
2020-05-19,Chandigarh,0,0,0.0
2020-05-20,Guwahati,0,0,0.0025156316396527656
2020-05-20,Visakhapatnam,0,0,0.13218469780015868
2020-05-20,Bhopal,0,0,0.0
2020-05-20,Mumbai,0,0,0.0
2020-05-20,Delhi,0,0,0.030315871737393512
2020-05-20,Amritsar,0,0,0.0
2020-05-20,Bengaluru,0,0,0.0
2020-05-20,Chandigarh,0,0,0.0
2020-05-20,Kolkata,0,0,0.0
2020-05-20,Patna,0,0,0.013607526821329404
2020-05-20,Jaipur,0,0,0.0
2020-05-20,Hyderabad,0,0,0.0
2020-05-20,Gurugram,0,0,0.0
2020-05-21,Visakhapatnam,0,0,0.02034199811937978
2020-05-21,Gurugram,0,0,0.0
2020-05-21,Hyderabad,0,0,0.0
2020-05-21,Patna,0,0,0.004700072851015509
2020-05-21,Bhopal,0,0,0.0026799890058366075
2020-05-21,Delhi,0,0,0.024163190571517862
2020-05-21,Chandigarh,0,0,0.0
2020-05-21,Jaipur,0,0,0.0025156316396527656
2020-05-21,Amritsar,0,0,0.0
2020-05-21,Guwahati,0,0,0.0
2020-05-21,Bengaluru,0,0,0.0
2020-05-21,Mumbai,0,0,0.0
2020-05-21,Kolkata,0,0,0.0
2020-05-22,Chandigarh,0,0,0.0053254105879825655
2020-05-22,Guwahati,0,0,0.0
2020-05-22,Mumbai,0,0,0.0
2020-05-22,Bhopal,0,0,0.007623742935688854
2020-05-22,Visakhapatnam,0,0,0.007687923015099303
2020-05-22,Kolkata,0,0,0.0
2020-05-22,Amritsar,0,0,0.0028673239923888605
2020-05-22,Bengaluru,0,0,0.0
2020-05-22,Gurugram,0,0,0.0
2020-05-22,Delhi,0,0,0.0963707909717588
2020-05-22,Hyderabad,0,0,0.0
2020-05-22,Jaipur,0,0,0.0
2020-05-22,Patna,0,0,0.004700072851015509
2020-05-23,Mumbai,0,0,0.0
2020-05-23,Amritsar,0,0,0.0
2020-05-23,Gurugram,0,0,0.0018389580421132041
2020-05-23,Kolkata,0,0,0.0
2020-05-23,Jaipur,0,0,0.014967431321212707
2020-05-23,Chandigarh,0,0,0.0
2020-05-23,Delhi,0,0,0.014842331821486221
2020-05-23,Guwahati,0,0,0.0
2020-05-23,Bengaluru,0,0,0.0
2020-05-23,Visakhapatnam,0,0,0.0
2020-05-23,Bhopal,0,0,0.008250279624430486
2020-05-23,Patna,0,0,0.004700072851015509
2020-05-23,Hyderabad,0,0,0.0
2020-05-24,Visakhapatnam,0,0,0.0
2020-05-24,Delhi,0,0,0.005027558988512961
2020-05-24,Bengaluru,0,0,0.0
2020-05-24,Mumbai,0,0,0.0
2020-05-24,Hyderabad,0,0,0.0
2020-05-24,Kolkata,0,0,0.0
2020-05-24,Patna,0,0,0.004700072851015509
2020-05-24,Guwahati,0,0,0.0
2020-05-24,Chandigarh,0,0,0.0
2020-05-24,Bhopal,0,0,0.0025156316396527656
2020-05-24,Gurugram,0,0,0.0
2020-05-24,Amritsar,0,0,0.0020200838451789023
2020-05-24,Jaipur,0,0,0.0025156316396527656
2020-05-25,Amritsar,0,0,0.02824437304415649
2020-05-25,Kolkata,0,0,0.0
2020-05-25,Delhi,0,0,0.0
2020-05-25,Jaipur,0,0,0.0072720505829527585
2020-05-25,Visakhapatnam,0,0,0.0
2020-05-25,Mumbai,0,0,0.0
2020-05-25,Bhopal,0,0,0.0
2020-05-25,Bengaluru,0,0,0.0
2020-05-25,Chandigarh,0,0,0.0
2020-05-25,Guwahati,0,0,0.0
2020-05-25,Gurugram,0,0,0.007761367264197847
2020-05-25,Hyderabad,0,0,0.0
2020-05-25,Patna,0,0,0.008033406184348845
2020-05-25,Amaravati,0,0,0.0
2020-05-26,Bhopal,0,0,0.005382955632041626
2020-05-26,Hyderabad,0,0,0.0
2020-05-26,Kolkata,0,0,0.0
2020-05-26,Delhi,0,0,0.0
2020-05-26,Amritsar,0,0,0.035634409320303574
2020-05-26,Chandigarh,0,0,0.0
2020-05-26,Bengaluru,0,0,0.0
2020-05-26,Jaipur,0,0,0.002515631639652765
2020-05-26,Amaravati,0,0,0.0
2020-05-26,Gurugram,0,0,0.01204599113467197
2020-05-26,Mumbai,0,0,0.0
2020-05-26,Visakhapatnam,0,0,0.0
2020-05-26,Guwahati,0,0,0.0
2020-05-26,Patna,0,0,0.008033406184348845
2020-05-27,Patna,0,0,0.011040881327682902
2020-05-27,Bengaluru,0,0,0.0
2020-05-27,Jaipur,0,0,0.0
2020-05-27,Guwahati,0,0,0.0
2020-05-27,Visakhapatnam,0,0,0.0
2020-05-27,Mumbai,0,0,0.0
2020-05-27,Chandigarh,0,0,0.002515631639652765
2020-05-27,Amritsar,0,0,0.031898247756109124
2020-05-27,Amaravati,0,0,0.0
2020-05-27,Bhopal,0,0,0.017424356059756604
2020-05-27,Gurugram,0,0,0.0033333333333333335
2020-05-27,Delhi,0,0,0.00503126327930553
2020-05-27,Kolkata,0,0,0.0
2020-05-27,Hyderabad,0,0,0.0
2020-05-28,Chandigarh,0,0,0.0
2020-05-28,Guwahati,0,0,0.0
2020-05-28,Bhopal,0,0,0.00628580464259368
2020-05-28,Patna,0,0,0.006539030893128714
2020-05-28,Bengaluru,0,0,0.0
2020-05-28,Amritsar,0,0,0.02903092376372026
2020-05-28,Mumbai,0,0,0.0
2020-05-28,Jaipur,0,0,0.01942521509260459
2020-05-28,Visakhapatnam,0,0,0.0028673239923888605
2020-05-28,Kolkata,0,0,0.0
2020-05-28,Amaravati,0,0,0.0
2020-05-28,Gurugram,0,0,0.0353811360316471
2020-05-28,Delhi,0,0,0.035697858342215505
2020-05-28,Hyderabad,0,0,0.0
2020-05-29,Patna,0,0,0.004700072851015509
2020-05-29,Bhopal,0,0,0.0025156316396527656
2020-05-29,Kolkata,0,0,0.0
2020-05-29,Jaipur,0,0,0.00847183278525864
2020-05-29,Amaravati,0,0,0.0
2020-05-29,Delhi,0,0,0.015349511829838021
2020-05-29,Amritsar,0,0,0.02715979660001115
2020-05-29,Gurugram,0,0,0.01991417928054796
2020-05-29,Chandigarh,0,0,0.0
2020-05-29,Guwahati,0,0,0.0
2020-05-29,Visakhapatnam,0,0,0.0
2020-05-29,Bengaluru,0,0,0.0
2020-05-29,Hyderabad,0,0,0.0
2020-05-29,Mumbai,0,0,0.0
2020-05-30,Bengaluru,0,0,0.0
2020-05-30,Gurugram,0,0,0.026573442739971576
2020-05-30,Amaravati,0,0,0.0
2020-05-30,Amritsar,0,0,0.03002712059240001
2020-05-30,Jaipur,0,0,0.025714835721005795
2020-05-30,Visakhapatnam,0,0,0.0
2020-05-30,Kolkata,0,0,0.0
2020-05-30,Mumbai,0,0,0.0
2020-05-30,Chandigarh,0,0,0.0
2020-05-30,Guwahati,0,0,0.0
2020-05-30,Hyderabad,0,0,0.0
2020-05-30,Bhopal,0,0,0.020901581548632305
2020-05-30,Delhi,0,0,0.02674960138078604
2020-05-30,Patna,0,0,0.004700072851015509
2020-05-31,Delhi,0,0,0.0
2020-05-31,Bengaluru,0,0,0.0
2020-05-31,Chandigarh,0,0,0.0
2020-05-31,Gurugram,0,0,0.008610678087213263
2020-05-31,Patna,0,0,0.004700072851015509
2020-05-31,Amaravati,0,0,0.0
2020-05-31,Kolkata,0,0,0.0
2020-05-31,Guwahati,0,0,0.0
2020-05-31,Jaipur,0,0,0.005682245574220457
2020-05-31,Visakhapatnam,0,0,0.0
2020-05-31,Bhopal,0,0,0.006905984170573736
2020-05-31,Mumbai,0,0,0.0
2020-05-31,Hyderabad,0,0,0.0
2020-05-31,Amritsar,0,0,0.027019645449065946
2020-06-01,Visakhapatnam,0,0,0.0
2020-06-01,Amritsar,0,0,0.0
2020-06-01,Chandigarh,0,0,0.0
2020-06-01,Kolkata,0,0,0.0
2020-06-01,Patna,0,0,0.008033406184348845
2020-06-01,Delhi,0,0,0.002515631639652765
2020-06-01,Bengaluru,0,0,0.0
2020-06-01,Gurugram,0,0,0.0
2020-06-01,Guwahati,0,0,0.0
2020-06-01,Jaipur,0,0,0.0022407873036472273
2020-06-01,Bhopal,0,0,0.0022407873036472273
2020-06-01,Mumbai,0,0,0.0
2020-06-01,Amaravati,0,0,0.0
2020-06-01,Hyderabad,0,0,0.0
2020-06-02,Hyderabad,0,0,0.0
2020-06-02,Jaipur,0,0,0.0
2020-06-02,Patna,0,0,0.01027419348799607
2020-06-02,Mumbai,0,0,0.0
2020-06-02,Visakhapatnam,0,0,0.0
2020-06-02,Delhi,0,0,0.0
2020-06-02,Bengaluru,0,0,0.0
2020-06-02,Bhopal,0,0,0.0025156316396527656
2020-06-02,Kolkata,0,0,0.0
2020-06-02,Amritsar,1,0,0.056743735691753276
2020-06-02,Chandigarh,0,0,0.0
2020-06-02,Guwahati,0,0,0.0
2020-06-02,Amaravati,0,0,0.0
2020-06-02,Gurugram,0,0,0.004535715484831668
2020-06-03,Gurugram,0,0,0.0
2020-06-03,Guwahati,0,0,0.0
2020-06-03,Amaravati,0,0,0.0
2020-06-03,Patna,0,0,0.008033406184348845
2020-06-03,Mumbai,0,0,0.0
2020-06-03,Kolkata,0,0,0.0
2020-06-03,Jaipur,0,0,0.0
2020-06-03,Chandigarh,0,0,0.0
2020-06-03,Bhopal,0,0,0.005382955632041626
2020-06-03,Hyderabad,0,0,0.0
2020-06-03,Delhi,0,0,0.0
2020-06-03,Visakhapatnam,0,0,0.007859367589981847
2020-06-03,Bengaluru,0,0,0.0
2020-06-03,Chennai,0,0,0.0831822587553167
2020-06-03,Amritsar,0,1,0.36736722084953544
2020-06-04,Mumbai,0,0,0.0
2020-06-04,Bhopal,0,0,0.0
2020-06-04,Hyderabad,0,0,0.0
2020-06-04,Amaravati,0,0,0.0
2020-06-04,Chandigarh,0,0,0.0
2020-06-04,Guwahati,0,0,0.0
2020-06-04,Kolkata,0,0,0.0
2020-06-04,Chennai,0,0,0.011703488281449285
2020-06-04,Gurugram,0,0,0.0
2020-06-04,Jaipur,0,0,0.0
2020-06-04,Bengaluru,0,0,0.0
2020-06-04,Visakhapatnam,0,0,0.0
2020-06-04,Delhi,0,0,0.0
2020-06-04,Amritsar,0,0,0.19557033097529375
2020-06-04,Patna,0,0,0.00638771284287053
2020-06-05,Bhopal,0,0,0.0
2020-06-05,Jaipur,0,0,0.0
2020-06-05,Delhi,0,0,0.0
2020-06-05,Amaravati,0,0,0.0
2020-06-05,Hyderabad,0,0,0.0
2020-06-05,Amritsar,0,0,0.14949666477004087
2020-06-05,Chandigarh,0,0,0.0
2020-06-05,Guwahati,0,0,0.0
2020-06-05,Bengaluru,0,0,0.0
2020-06-05,Chennai,0,0,0.0
2020-06-05,Mumbai,0,0,0.0
2020-06-05,Kolkata,0,0,0.0
2020-06-05,Visakhapatnam,0,0,0.0025156316396527656
2020-06-05,Gurugram,0,0,0.0
2020-06-05,Patna,0,0,0.004700072851015509
2020-06-06,Visakhapatnam,0,0,0.0
2020-06-06,Mumbai,0,0,0.0
2020-06-06,Jaipur,0,0,0.0
2020-06-06,Bengaluru,0,0,0.0
2020-06-06,Patna,0,0,0.004700072851015509
2020-06-06,Guwahati,0,0,0.0
2020-06-06,Chennai,0,0,0.004756418943299992
2020-06-06,Amritsar,0,0,0.0323490342930145
2020-06-06,Delhi,0,0,0.0
2020-06-06,Chandigarh,0,0,0.0
2020-06-06,Gurugram,0,0,0.0
2020-06-06,Hyderabad,0,0,0.0
2020-06-06,Bhopal,0,0,0.0025156316396527656
2020-06-06,Kolkata,0,0,0.0
2020-06-06,Amaravati,0,0,0.0
2020-06-07,Guwahati,0,0,0.0
2020-06-07,Delhi,0,0,0.0
2020-06-07,Patna,0,0,0.004700072851015509
2020-06-07,Jaipur,0,0,0.0
2020-06-07,Gurugram,0,0,0.0
2020-06-07,Amritsar,0,0,0.0055231067829868245
2020-06-07,Mumbai,0,0,0.0
2020-06-07,Kolkata,0,0,0.0
2020-06-07,Bhopal,0,0,0.0025156316396527656
2020-06-07,Hyderabad,0,0,0.0
2020-06-07,Ahmedabad,0,0,0.057699256508174604
2020-06-07,Chandigarh,0,0,0.0
2020-06-07,Chennai,0,0,0.06549804252442772
2020-06-07,Amaravati,0,0,0.0
2020-06-07,Bengaluru,0,0,0.0
2020-06-07,Visakhapatnam,0,0,0.0
2020-06-08,Chennai,0,0,0.007161563613131062
2020-06-08,Jaipur,0,0,0.0
2020-06-08,Chandigarh,0,0,0.0
2020-06-08,Amritsar,0,0,0.004079745345760431
2020-06-08,Delhi,0,0,0.0
2020-06-08,Visakhapatnam,0,0,0.0
2020-06-08,Hyderabad,0,0,0.0
2020-06-08,Patna,0,0,0.008033406184348845
2020-06-08,Gurugram,0,0,0.0
2020-06-08,Bhopal,0,0,0.0025156316396527656
2020-06-08,Bengaluru,0,0,0.0
2020-06-08,Kolkata,0,0,0.0
2020-06-08,Ahmedabad,0,0,0.05483193251578574
2020-06-08,Mumbai,0,0,0.0
2020-06-08,Guwahati,0,0,0.0
2020-06-08,Amaravati,0,0,0.0
2020-06-09,Bengaluru,0,0,0.0
2020-06-09,Patna,0,0,0.01027419348799607
2020-06-09,Chennai,0,0,0.00768475924066547
2020-06-09,Jaipur,0,0,0.0
2020-06-09,Amaravati,0,0,0.0
2020-06-09,Chandigarh,0,0,0.0
2020-06-09,Gurugram,0,0,0.010844497747793759
2020-06-09,Guwahati,0,0,0.0
2020-06-09,Delhi,0,0,0.0055231067829868245
2020-06-09,Hyderabad,0,0,0.0
2020-06-09,Visakhapatnam,0,0,0.0
2020-06-09,Mumbai,0,0,0.0
2020-06-09,Bhopal,0,0,0.0
2020-06-09,Kolkata,0,0,0.0
2020-06-09,Ahmedabad,0,0,0.05483193251578574
2020-06-10,Amaravati,0,0,0.0
2020-06-10,Chandigarh,0,0,0.0
2020-06-10,Gurugram,0,0,0.0
2020-06-10,Kolkata,0,0,0.0
2020-06-10,Visakhapatnam,0,0,0.0
2020-06-10,Bhopal,0,0,0.0
2020-06-10,Guwahati,0,0,0.0
2020-06-10,Mumbai,0,0,0.0
2020-06-10,Patna,0,0,0.008033406184348845
2020-06-10,Hyderabad,0,0,0.0
2020-06-10,Ahmedabad,0,0,0.06050959536370983
2020-06-10,Bengaluru,0,0,0.0
2020-06-10,Delhi,0,0,0.0
2020-06-10,Jaipur,0,0,0.0
2020-06-11,Patna,0,0,0.004700072851015509
2020-06-11,Amaravati,0,0,0.0
2020-06-11,Bengaluru,0,0,0.0
2020-06-11,Visakhapatnam,0,0,0.0
2020-06-11,Gurugram,0,0,0.0
2020-06-11,Bhopal,0,0,0.005031263279305531
2020-06-11,Chandigarh,0,0,0.0
2020-06-11,Ahmedabad,0,0,0.06458141641915012
2020-06-11,Kolkata,0,0,0.0
2020-06-11,Delhi,0,0,0.0
2020-06-11,Hyderabad,0,0,0.0
2020-06-11,Guwahati,0,0,0.0
2020-06-11,Mumbai,0,0,0.0
2020-06-11,Jaipur,0,0,0.0
2020-06-12,Visakhapatnam,0,0,0.0
2020-06-12,Chandigarh,0,0,0.0
2020-06-12,Bhopal,0,0,0.0028673239923888605
2020-06-12,Hyderabad,0,0,0.0
2020-06-12,Bengaluru,0,0,0.0
2020-06-12,Mumbai,0,0,0.0
2020-06-12,Amaravati,0,0,0.01032234932185933
2020-06-12,Ahmedabad,0,0,0.06409344479367877
2020-06-12,Patna,0,0,0.004700072851015509
2020-06-12,Kolkata,0,0,0.0
2020-06-12,Jaipur,0,0,0.0
2020-06-12,Guwahati,0,0,0.0
2020-06-12,Delhi,0,0,0.0058489649729861
2020-06-12,Gurugram,0,0,0.027273316813985406
2020-06-13,Bhopal,0,0,0.005031263279305531
2020-06-13,Hyderabad,0,0,0.0
2020-06-13,Jaipur,0,0,0.0
2020-06-13,Visakhapatnam,0,0,0.0
2020-06-13,Bengaluru,0,0,0.0
2020-06-13,Patna,0,0,0.004700072851015509
2020-06-13,Guwahati,0,0,0.0
2020-06-13,Delhi,0,0,0.0
2020-06-13,Gurugram,0,0,0.0022407873036472273
2020-06-13,Mumbai,0,0,0.0
2020-06-13,Ahmedabad,0,0,0.06766423365584784
2020-06-13,Kolkata,0,0,0.0
2020-06-13,Chandigarh,0,0,0.0
2020-06-13,Amaravati,0,0,0.01318967331424819
2020-06-14,Chandigarh,0,0,0.0
2020-06-14,Visakhapatnam,0,0,0.0
2020-06-14,Jaipur,0,0,0.0
2020-06-14,Gurugram,0,0,0.0016876399918550197
2020-06-14,Mumbai,0,0,0.0
2020-06-14,Delhi,0,0,0.0
2020-06-14,Chennai,0,0,0.04618850437437269
2020-06-14,Hyderabad,0,0,0.0
2020-06-14,Bhopal,0,0,0.005382955632041626
2020-06-14,Ahmedabad,0,0,0.06652986246175793
2020-06-14,Guwahati,0,0,0.0
2020-06-14,Bengaluru,0,0,0.0
2020-06-14,Patna,0,0,0.007215704490668274
2020-06-14,Kolkata,0,0,0.0
2020-06-14,Amaravati,0,0,0.01318967331424819
2020-06-15,Hyderabad,0,0,0.0
2020-06-15,Bhopal,0,0,0.0028673239923888605
2020-06-15,Visakhapatnam,0,0,0.0
2020-06-15,Mumbai,0,0,0.0
2020-06-15,Delhi,0,0,0.0
2020-06-15,Kolkata,0,0,0.0
2020-06-15,Jaipur,0,0,0.0
2020-06-15,Gurugram,0,0,0.0
2020-06-15,Chennai,0,0,0.0
2020-06-15,Chandigarh,0,0,0.0
2020-06-15,Patna,0,0,0.008033406184348845
2020-06-15,Guwahati,0,0,0.0
2020-06-15,Bengaluru,0,0,0.0
2020-06-15,Ahmedabad,0,0,0.06483193251578573
2020-06-15,Amaravati,0,0,0.0
2020-06-15,Amritsar,0,0,0.027174201514003227
2020-06-16,Delhi,0,0,0.0
2020-06-16,Guwahati,0,0,0.0
2020-06-16,Kolkata,0,0,0.0
2020-06-16,Ahmedabad,0,0,0.058982967542799636
2020-06-16,Bhopal,0,0,0.0025156316396527656
2020-06-16,Jaipur,0,0,0.0
2020-06-16,Patna,0,0,0.010549037824001607
2020-06-16,Visakhapatnam,0,0,0.0
2020-06-16,Mumbai,0,0,0.0
2020-06-16,Bengaluru,0,0,0.0
2020-06-16,Chandigarh,0,0,0.002515631639652765
2020-06-16,Gurugram,0,0,0.0034414582705732306
2020-06-16,Amritsar,0,0,0.0
2020-06-16,Chennai,0,0,0.0
2020-06-16,Hyderabad,0,0,0.0
2020-06-16,Amaravati,0,0,0.0
2020-06-17,Hyderabad,0,0,0.0
2020-06-17,Amaravati,0,0,0.0
2020-06-17,Amritsar,0,0,0.0
2020-06-17,Bhopal,0,0,0.0
2020-06-17,Kolkata,0,0,0.0
2020-06-17,Chennai,0,0,0.0
2020-06-17,Patna,0,0,0.008033406184348845
2020-06-17,Gurugram,0,0,0.0
2020-06-17,Bengaluru,0,0,0.0
2020-06-17,Mumbai,0,0,0.0
2020-06-17,Ahmedabad,0,0,0.06182284485186427
2020-06-17,Visakhapatnam,0,0,0.0
2020-06-17,Chandigarh,0,0,0.0
2020-06-17,Jaipur,0,0,0.0
2020-06-17,Guwahati,0,0,0.0
2020-06-17,Delhi,0,0,0.0
2020-06-18,Guwahati,0,0,0.0
2020-06-18,Delhi,0,0,0.0
2020-06-18,Gurugram,0,0,0.0
2020-06-18,Chennai,0,0,0.0
2020-06-18,Visakhapatnam,0,0,0.0
2020-06-18,Chandigarh,0,0,0.0
2020-06-18,Hyderabad,0,0,0.0
2020-06-18,Patna,0,0,0.004700072851015509
2020-06-18,Amritsar,0,0,0.0
2020-06-18,Jaipur,0,0,0.0
2020-06-18,Mumbai,0,0,0.0
2020-06-18,Amaravati,0,0,0.0
2020-06-18,Kolkata,0,0,0.0
2020-06-18,Bhopal,0,0,0.0
2020-06-18,Bengaluru,0,0,0.0
2020-06-19,Guwahati,0,0,0.027999063315570207
2020-06-19,Delhi,0,0,0.037039795122768296
2020-06-19,Kolkata,0,0,0.0
2020-06-19,Patna,0,0,0.004700072851015509
2020-06-19,Gurugram,0,0,0.12036599184925328
2020-06-19,Bengaluru,0,0,0.0
2020-06-19,Jaipur,0,0,0.0
2020-06-19,Chennai,0,0,0.0
2020-06-19,Hyderabad,0,0,0.0
2020-06-19,Bhopal,0,0,0.005382955632041626
2020-06-19,Amaravati,0,0,0.0
2020-06-19,Mumbai,0,0,0.0022407873036472273
2020-06-19,Amritsar,0,0,0.0055231067829868245
2020-06-19,Chandigarh,0,0,0.0
2020-06-19,Visakhapatnam,0,0,0.0
2020-06-20,Jaipur,0,0,0.0
2020-06-20,Bengaluru,0,0,0.0
2020-06-20,Chennai,0,0,0.09432529620580968
2020-06-20,Delhi,0,0,0.004481574607294455
2020-06-20,Guwahati,0,0,0.0
2020-06-20,Amritsar,0,0,0.021978580868513856
2020-06-20,Visakhapatnam,0,0,0.0
2020-06-20,Kolkata,0,0,0.0
2020-06-20,Patna,0,0,0.004700072851015509
2020-06-20,Mumbai,0,0,0.0
2020-06-20,Bhopal,0,0,0.0
2020-06-20,Hyderabad,0,0,0.0
2020-06-20,Amaravati,0,0,0.0
2020-06-20,Gurugram,0,0,0.04787649503572884
2020-06-20,Chandigarh,0,0,0.0
2020-06-21,Mumbai,0,0,0.0
2020-06-21,Chennai,0,0,0.0264710815217545
2020-06-21,Hyderabad,0,0,0.0
2020-06-21,Amaravati,0,0,0.0
2020-06-21,Bengaluru,0,0,0.0
2020-06-21,Jaipur,0,0,0.0
2020-06-21,Gurugram,0,0,0.028381052214262528
2020-06-21,Patna,0,0,0.004700072851015509
2020-06-21,Visakhapatnam,0,0,0.0
2020-06-21,Delhi,0,0,0.0
2020-06-21,Bhopal,0,0,0.004535715484831668
2020-06-21,Guwahati,0,0,0.0
2020-06-21,Kolkata,0,0,0.0
2020-06-21,Chandigarh,0,0,0.0
2020-06-22,Gurugram,0,0,0.0034414582705732306
2020-06-22,Amaravati,0,0,0.0
2020-06-22,Patna,0,0,0.008033406184348845
2020-06-22,Kolkata,0,0,0.0
2020-06-22,Delhi,0,0,0.0
2020-06-22,Guwahati,0,0,0.0
2020-06-22,Mumbai,0,0,0.0
2020-06-22,Jaipur,0,0,0.0
2020-06-22,Bhopal,0,0,0.0028673239923888605
2020-06-22,Ahmedabad,0,0,0.05586461905256678
2020-06-22,Chandigarh,0,0,0.0
2020-06-22,Chennai,0,0,0.02341953728330486
2020-06-22,Bengaluru,0,0,0.0
2020-06-22,Hyderabad,0,0,0.0
2020-06-22,Visakhapatnam,0,0,0.0
2020-06-23,Patna,0,0,0.008033406184348845
2020-06-23,Kolkata,0,0,0.0
2020-06-23,Visakhapatnam,0,0,0.0
2020-06-23,Chandigarh,0,0,0.0
2020-06-23,Guwahati,0,0,0.0
2020-06-23,Gurugram,0,0,0.0026799890058366075
2020-06-23,Amaravati,0,0,0.0
2020-06-23,Delhi,0,0,0.0
2020-06-23,Ahmedabad,0,0,0.057353048554235855
2020-06-23,Hyderabad,0,0,0.0
2020-06-23,Bhopal,0,0,0.0025156316396527656
2020-06-23,Chennai,0,0,0.0
2020-06-23,Mumbai,0,0,0.0
2020-06-23,Bengaluru,0,0,0.0
2020-06-23,Jaipur,0,0,0.0023702686857420673
2020-06-24,Bengaluru,0,0,0.0
2020-06-24,Amaravati,0,0,0.0
2020-06-24,Patna,0,0,0.008033406184348845
2020-06-24,Kolkata,0,0,0.0
2020-06-24,Visakhapatnam,0,0,0.0
2020-06-24,Chennai,0,0,0.0
2020-06-24,Chandigarh,0,0,0.0
2020-06-24,Gurugram,0,0,0.0
2020-06-24,Guwahati,0,0,0.0
2020-06-24,Mumbai,0,0,0.0
2020-06-24,Delhi,0,0,0.0
2020-06-24,Jaipur,0,0,0.0
2020-06-24,Bhopal,0,0,0.0028673239923888605
2020-06-24,Hyderabad,0,0,0.0
2020-06-25,Hyderabad,0,0,0.0
2020-06-25,Bengaluru,0,0,0.0
2020-06-25,Kolkata,0,0,0.0
2020-06-25,Bhopal,0,0,0.0
2020-06-25,Chennai,0,0,0.0
2020-06-25,Mumbai,0,0,0.0
2020-06-25,Amritsar,0,0,0.09034356414860169
2020-06-25,Jaipur,0,0,0.07923203322800147
2020-06-25,Chandigarh,0,0,0.0
2020-06-25,Patna,0,0,0.004700072851015509
2020-06-25,Guwahati,0,0,0.0
2020-06-25,Delhi,0,0,0.0
2020-06-25,Amaravati,0,0,0.0
2020-06-25,Gurugram,0,0,0.0028673239923888605
2020-06-25,Visakhapatnam,0,0,0.0
2020-06-26,Bhopal,0,0,0.005382955632041626
2020-06-26,Gurugram,0,0,0.0
2020-06-26,Mumbai,0,0,0.0
2020-06-26,Hyderabad,0,0,0.0
2020-06-26,Visakhapatnam,0,0,0.0
2020-06-26,Amaravati,0,0,0.0
2020-06-26,Kolkata,0,0,0.0
2020-06-26,Chandigarh,0,0,0.0020200838451789023
2020-06-26,Patna,0,0,0.004700072851015509
2020-06-26,Chennai,0,0,0.0
2020-06-26,Amritsar,0,0,0.03140303932825768
2020-06-26,Jaipur,0,0,0.015603346582288739
2020-06-26,Delhi,0,0,0.0
2020-06-26,Bengaluru,0,0,0.0
2020-06-26,Guwahati,0,0,0.0
2020-06-27,Delhi,0,0,0.0
2020-06-27,Chandigarh,0,0,0.0
2020-06-27,Talcher,0,0,0.0
2020-06-27,Bhopal,0,0,0.005382955632041626
2020-06-27,Amaravati,0,0,0.0
2020-06-27,Jaipur,0,0,0.002515631639652765
2020-06-27,Mumbai,0,0,0.0
2020-06-27,Visakhapatnam,0,0,0.0
2020-06-27,Bengaluru,0,0,0.0
2020-06-27,Chennai,0,0,0.0
2020-06-27,Hyderabad,0,0,0.0
2020-06-27,Guwahati,0,0,0.0
2020-06-27,Patna,0,0,0.004700072851015509
2020-06-27,Gurugram,0,0,0.0
2020-06-27,Kolkata,0,0,0.0
2020-06-28,Delhi,0,1,0.3049783797020134
2020-06-28,Mumbai,0,0,0.0
2020-06-28,Patna,0,0,0.004700072851015509
2020-06-28,Kolkata,0,0,0.0
2020-06-28,Jaipur,0,0,0.0
2020-06-28,Gurugram,0,0,0.16628215566394772
2020-06-28,Chandigarh,0,0,0.0
2020-06-28,Bhopal,0,0,0.0025156316396527656
2020-06-28,Visakhapatnam,0,0,0.0
2020-06-28,Chennai,0,0,0.0020200838451789023
2020-06-28,Bengaluru,0,0,0.0
2020-06-28,Hyderabad,0,0,0.0
2020-06-28,Guwahati,0,0,0.0
2020-06-28,Amaravati,0,0,0.0
2020-06-29,Patna,0,0,0.008033406184348845
2020-06-29,Guwahati,0,0,0.0
2020-06-29,Mumbai,0,0,0.0
2020-06-29,Gurugram,0,0,0.04370549341763285
2020-06-29,Bhopal,0,0,0.0
2020-06-29,Visakhapatnam,0,0,0.0
2020-06-29,Delhi,0,0,0.11883359824644354
2020-06-29,Amaravati,0,0,0.0
2020-06-29,Hyderabad,0,0,0.0
2020-06-29,Kolkata,0,0,0.0
2020-06-29,Bengaluru,0,0,0.0
2020-06-29,Chandigarh,0,0,0.0
2020-06-29,Jaipur,0,0,0.0
2020-06-29,Chennai,0,0,0.0
2020-06-30,Bhopal,0,0,0.0
2020-06-30,Hyderabad,0,0,0.0
2020-06-30,Bengaluru,0,0,0.0
2020-06-30,Chandigarh,0,0,0.0
2020-06-30,Jaipur,0,0,0.0
2020-06-30,Mumbai,0,0,0.0
2020-06-30,Guwahati,0,0,0.0
2020-06-30,Patna,0,0,0.008033406184348845
2020-06-30,Kolkata,0,0,0.0
2020-06-30,Amaravati,0,0,0.0
2020-06-30,Delhi,0,0,0.044305987137124386
2020-06-30,Gurugram,0,0,0.02766886255966573
2020-06-30,Chennai,0,0,0.0
2020-06-30,Visakhapatnam,0,0,0.0
